article,adresse,nom,statut,propositions
"Appel du collectif ""des moyens pour l'inclusion scolaire"" 13",/13/appel-du-collectif-des-moyens-pour-linclusion-scolaire-13/,collectif_des_moyens_pour_l-inclusion_scolaire,introuvable,
"L’épidémie flambe, élèves et personnels doivent être protégés !",/13/lepidemie-flambe-eleves-et-personnels-doivent-etre-proteges/,cnt_so_educ_30_10_20.pdf,douteux,2020/10/cnt_so_educ_30_10_20.pdf | sites/2/2020/10/cnt_so_educ_30_10_20.pdf
Mercredi 22 janvier 2020 :  Occupation festive et revendicative devant,/13/mercredi-22-janvier-2020-occupation-festive-et-revendicative-devant-le-rectorat-aix/,appel_occupation_place_lucien_paye_mercredi_22_janvier_2020,introuvable,
Education : les E3C ça sera sans nous !,/13/education-les-e3c-ca-sera-sans-nous/,appel_acad_e3c,introuvable,
"Avec ou sans âge pivot, la retraite à points on n'en veux pas : retrai",/13/avec-ou-sans-age-pivot-la-retraite-a-points-on-nen-veux-pas-retrait-du-projet-macron-philippe/,Retraite_13janv,introuvable,
"Banquet de lutte lundi 23/12, le mouvement contre les retraites Macron",/13/banquet-de-lutte-lundi-23-12-le-mouvement-contre-les-retraites-macron-continue/,cnt_so_retraites_dec_2019,introuvable,sites/2/2019/12/cnt_so_retraites_dec_2019-4.pdf
Avec la CNT-SO   DÉFENDRE NOS DROITS  ET NOTRE DIGNITÉ !  Chez ELIOR S,/13/avec-la-cnt-so-defendre-nos-droits-et-notre-dignite-chez-elior-services-proprete-et-sante/,profession_de_foi_elections_elior_cse-paca,introuvable,sites/2/2019/09/profession_de_foi_elections_elior_cse-paca_rectifiee.pdf
Plus de 4 mois de grève au NH Collection Marseille : continuons la sol,/13/plus-de-4-mois-de-greve-au-nh-collection-marseille-continuons-la-solidarite-active-et-financiere/,caisse_de_greve_nh-3.pdf,douteux,2019/08/caisse_de_greve_nh-3.pdf | sites/2/2019/08/caisse_de_greve_nh-3.pdf
"Jeunesse non scolarisée, Jeunesse en danger !",/13/jeunesse-non-scolarisee-jeunesse-en-danger/,Courrier_dasen_recteur_21_mars_2018,introuvable,
"Nettoyage : Stop au mépris et à l’exploitation ! En 2018, on s'organis",/13/nettoyage-stop-au-mepris-et-a-lexploitation-en-2018-on-sorganise-avec-la-cnt-so/,cnt_so_13_nettoyage,introuvable,sites/2/2013/10/cnt-so_13_-_nettoyage_salaires.pdf | sites/2/2013/12/cnt-so-13-nettoyage-francaise_de_service.pdf | sites/2/2014/03/cnt-so_13_-_nettoyage_salaires_2014.pdf | sites/2/2015/10/cnt-so_13_-_nettoyage_tract_general.pdf
Présentation de la CNT Solidarité Ouvrière,/13/presentation-de-la-cnt-solidarite-ouvriere/,cnt_so_tract_presentation,introuvable,
Convention HCR (Hôtellerie - restauration) : grilles des salaires 2017,/13/convention-hcr-hotellerie-restauration-grilles-des-salaires-2017-2018-et-qualifications/,cnt_so13_convention_hcr_2017_2018,introuvable,
Convention HCR (Hôtellerie - restauration) : grilles des salaires 2017,/13/convention-hcr-hotellerie-restauration-grilles-des-salaires-2017-2018-et-qualifications/,grille_classif,introuvable,sites/2/2017/01/grille_classif1.pdf | sites/2/2017/12/grille_classif1-2.pdf
"Double mobilisation contre la sous-traitance hôtelière, vendredi 01/12",/13/double-mobilisation-contre-la-sous-traitance-hoteliere-vendredi-01-12/,mobilisationsoustraitance_01dec17,introuvable,
Semaine d'action contre la suppressions de contrats CUI dans l'Educati,/13/semaine-daction-contre-la-suppressions-de-contrats-cui-dans-leducation-du-13-au-17-novembre/,pe_tition_aade,introuvable,2017/11/pe_tition_aade_a_10.pdf | sites/2/2017/11/pe_tition_aade_a_10.pdf
Semaine d'action contre la suppressions de contrats CUI dans l'Educati,/13/semaine-daction-contre-la-suppressions-de-contrats-cui-dans-leducation-du-13-au-17-novembre/,motion_aade_conseil_d_e_cole_unitaire,introuvable,2017/11/motion_aade_conseil_d_e_cole_unitaire-1.odt | sites/2/2017/11/motion_aade_conseil_d_e_cole_unitaire-1.odt
"Marseille - Salarié.e de la ""zone touristique"" (Terrasses du Port, Doc",/13/marseille-salarie-e-de-la-zone-touristique-terrasses-du-port-docks-pour-defendre-tes-droits-et-en-gagner-de-nouveaux-viens-voir-le-syndicat/,CNT_SO_zone_touristique_2016,introuvable,
"Tract intersyndical contre l'Extrême Droite dans le 13 (CGT, CNT-SO, F",/13/tract-intersyndical-contre-lextreme-droite-dans-le-13-cgt-cnt-so-fsu-solidaires-13-et-unef-et-unl/,tract_unitaire,introuvable,sites/2/2017/04/tract_unitaire_13_ed.pdf
"Stage intersyndical ""Pédagogies en lutte et Émancipations"" : 30 et 31 ",/13/stage-intersyndical-pedagogies-en-lutte-et-emancipations-30-et-31-mars-2017/,Stage_pedagogies_en_lutte_-_texte_appel.,introuvable,
"Education Prioritaire : la lutte continue ! Manifestation à Marseille,",/13/education-prioritaire-la-lutte-continue-manifestation-a-marseille-jeudi-12-janvier-2017-montee-a-paris-jeudi-19-01/,appel_intersyndical_lycees_zep,introuvable,
"Education Prioritaire :  nouveau ""temps fort"" de mobilisation, le 10 j",/13/education-prioritaire-nouveau-temps-fort-de-mobilisation-le-10-janvier/,Appel_intersyndicale_academique_ep_10_janvier,introuvable,sites/2/2017/01/appel_intersyndicale_academique_ep_10_janvier-1.pdf
Sortie des Lycées du dispositif ZEP : tous et toutes en grève le jeudi,/13/sortie-des-lycees-du-dispositif-zep-tous-et-toutes-en-greve-le-jeudi-17-novembre/,tract_aed_17_novembre_intersyndical,introuvable,sites/2/2016/11/tract_aed_17_novembre_intersyndical_v4.pdf
"Education : Menace sur les lycées ZEP, appel intersyndical Académique",/13/education-menace-sur-les-lycees-zep-appel-intersyndical-academique/,appel_intersyndical_education_prioritaire,introuvable,sites/2/2016/10/appel_intersyndical_education_prioritaire-2.pdf | sites/2/2016/11/appel_intersyndical_education_prioritaire-3.pdf
"Loi Travail : 23, 24 et 28,  dans la grève, dans la rue et dans les ac",/13/loi-travail-23-24-et-28-dans-la-greve-dans-la-rue-et-dans-les-actions-on-continue/,LoiTravail_Com22juin16,introuvable,
"Compte-rendu de la soirée-débat ""Enseignant.e.s, formatrices et format",/13/compte-rendu-de-la-soiree-debat-enseignant-e-s-formatrices-et-formateurs-quelles-pratiques-pour-resister-a-la-glottophobie/,presentation_st_clerc_conan,introuvable,
Education / Fonction publique : grève et manifestation unitaires le 15,/13/education-fonction-publique-greve-et-manifestation-unitaires-le-15-mai-2014/,15mai2014_intersyndicale13,introuvable,
1er mai 2014 : Rendez-vous à Marseille,/13/1er-mai-2014-rendez-vous-a-marseille/,Tract_1ermai2014,introuvable,
Education : la lutte continue ! Tous et toutes en gève le 18 mars !,/13/education-la-lutte-continue-tous-et-toutes-en-geve-le-18-mars/,Tract_DGH,introuvable,sites/2/2014/02/tract_dgh_au_20_fevrier.pdf
Pour nos retraites : tous et toutes en grève le 15 octobre !,/13/pour-nos-retraites-tous-et-toutes-en-greve-le-15-octobre/,CNT_SO13_A3retraites,introuvable,
"1er Mai 2021, pour l'honneur des travailleur·euses !",/poitiers/1er-mai-2021-pour-lhonneur-des-travailleur-euses/,tract_1er_mai.pdf,introuvable,2025/04/Tract-1er-mai-2025.pdf
"Restauration : en 2018, on s'organise avec la CNT-SO !",/rhone-alpes/restauration-en-2018-on-sorganise-avec-la-cnt-so/,cnt_so_69_Restauration_2018,introuvable,
