page,titre,adresse,nom,statut,fichier,candidats
914,Réforme de l’assurance chômage : c’est toujours non !,/13/reforme-de-lassurance-chomage-cest-toujours-non/,cnt_so_assurance_chomage_mars_2021.pdf,exact,2021/03/cnt_so_assurance_chomage_mars_2021.pdf,2021/03/cnt_so_assurance_chomage_mars_2021.pdf | sites/2/2021/03/cnt_so_assurance_chomage_mars_2021.pdf
924,8 mars : journée internationale de lutte pour les droits des femmes !,/13/8-mars-journee-internationale-de-lutte-pour-les-droits-des-femmes/,cnt_so_8_mars_2021.pdf,exact,2021/03/cnt_so_8_mars_2021.pdf,2021/03/cnt_so_8_mars_2021.pdf | sites/2/2021/03/cnt_so_8_mars_2021.pdf
941,"Appel du collectif ""des moyens pour l'inclusion scolaire"" 13",/13/appel-du-collectif-des-moyens-pour-linclusion-scolaire-13/,collectif_des_moyens_pour_l-inclusion_scolaire,introuvable,,
966,"Education : les précaires de ""vie sco"" en grève à partir du 19 janvier 2021 !",/13/education-les-precaires-de-vie-sco-en-greve-a-partir-du-19-janvier-2021/,cnt_so_educ_vie_sco_janvier_21.pdf,exact,sites/2/2021/01/cnt_so_educ_vie_sco_janvier_21.pdf,sites/2/2021/01/cnt_so_educ_vie_sco_janvier_21.pdf
986,Novotel Marseille Prado : grève contre la répression anti-syndicale et le vol d’heures !,/13/novotel-marseille-prado-greve-contre-la-repression-anti-syndicale-et-le-vol-dheures-2/,com_novotel_27nov20.pdf,exact,sites/2/2020/11/com_novotel_27nov20.pdf,2020/12/com_novotel_27nov20.pdf | sites/2/2020/11/com_novotel_27nov20.pdf
987,"Éducation : appel à une grève des personnels ""vie scolaire"" mardi 1er décembre",/13/education-appel-a-une-greve-des-personnels-vie-scolaire-mardi-1er-decembre/,com_greve_vie_scolaire.pdf,exact,sites/2/2020/11/com_greve_vie_scolaire.pdf,sites/2/2020/11/com_greve_vie_scolaire.pdf
992,Novotel Marseille Prado : grève contre la répression anti-syndicale et le vol d’heures !,/13/novotel-marseille-prado-greve-contre-la-repression-anti-syndicale-et-le-vol-dheures/,comnovotel_17nov20.pdf,exact,sites/2/2020/11/comnovotel_17nov20.pdf,2020/12/comnovotel_17nov20.pdf | sites/2/2020/11/comnovotel_17nov20.pdf
996,Le combat pour la santé et les intérêts des travailleur·euse·s continue !,/13/le-combat-pour-la-sante-et-les-interets-des-travailleur-euse-s-continue/,cnt_so_combat_sante_travailleurs_nov_20.pdf,exact,sites/2/2020/11/cnt_so_combat_sante_travailleurs_nov_20.pdf,sites/2/2020/11/cnt_so_combat_sante_travailleurs_nov_20.pdf
997,Rentrée catastrophique : trop c’est trop ! Pour notre santé et celle du service public d’Éducation : dégageons Blanquer !,/13/rentree-catastrophique-trop-cest-trop-pour-notre-sante-et-celle-du-service-public-deducation-degageons-blanquer/,cnt_so_educ_greve_10_11_20.pdf,exact,2020/11/cnt_so_educ_greve_10_11_20.pdf,2020/11/cnt_so_educ_greve_10_11_20.pdf | sites/2/2020/11/cnt_so_educ_greve_10_11_20.pdf
1006,Education : J. M Blanquer vous souhaite une choyeuse rentrée !,/13/education-j-m-blanquer-vous-souhaite-une-choyeuse-rentree/,cnt_so_educ_choyeuse_rentree.pdf,exact,2020/10/cnt_so_educ_choyeuse_rentree.pdf,2020/10/cnt_so_educ_choyeuse_rentree.pdf | sites/2/2020/10/cnt_so_educ_choyeuse_rentree.pdf
1008,"L’épidémie flambe, élèves et personnels doivent être protégés !",/13/lepidemie-flambe-eleves-et-personnels-doivent-etre-proteges/,cnt_so_educ_30_10_20.pdf,douteux,,2020/10/cnt_so_educ_30_10_20.pdf | sites/2/2020/10/cnt_so_educ_30_10_20.pdf
1018,"Education - Budget 2021, en période d’épidémie : l’austérité !",/13/education-budget-2021-en-periode-depidemie-lausterite/,cnt_so_educ_com_budget2021.pdf,exact,sites/2/2020/10/cnt_so_educ_com_budget2021.pdf,sites/2/2020/10/cnt_so_educ_com_budget2021.pdf
1027,"Dans l'éducation, l'alerte n'est pas que sanitaire ! Communiqué de l'intersyndicale 13 / Grève et manifestation jeudi 17 septembre",/13/dans-leducation-lalerte-nest-pas-que-sanitaire-communique-de-lintersyndicale-13-greve-et-manifestation-jeudi-17-septembre/,communique_intersyndical_7_septembre_20.pdf,exact,sites/2/2020/09/communique_intersyndical_7_septembre_20.pdf,sites/2/2020/09/communique_intersyndical_7_septembre_20.pdf
1036,On a toujours raison de se syndiquer ! Présentation de la CNT-Solidarité Ouvrière,/13/on-a-toujours-raison-de-se-syndiquer-presentation-de-la-cnt-solidarite-ouvriere/,cnt_so_presentation_2020-2.pdf,exact,sites/2/2020/08/cnt_so_presentation_2020-2.pdf,sites/2/2020/08/cnt_so_presentation_2020-2.pdf
1047,Dans la culture et le spectacle : on s'organise ! Appel du syndicat STUCS CNT-SO,/13/dans-la-culture-et-le-spectacle-on-sorganise-appel-du-syndicat-stucs-cnt-so/,appel_stucs_spectacle.pdf,exact,sites/2/2020/06/appel_stucs_spectacle.pdf,sites/2/2020/06/appel_stucs_spectacle.pdf
1052,Le 16 juin : tous et toutes dans la rue avec les soignant.e.s !,/13/le-16-juin-tous-et-toutes-dans-la-rue-avec-les-soignant-e-s/,cnt_so_sante_16_juin_2020.pdf,exact,sites/2/2020/06/cnt_so_sante_16_juin_2020.pdf,sites/2/2020/06/cnt_so_sante_16_juin_2020.pdf
1067,Communiqué confédéral du 15/05/20,/13/communique-confederal-du-15-05-20/,cnt_so_communique_confederal_15_mai_2020.pdf,exact,2020/05/cnt_so_communique_confederal_15_mai_2020.pdf,2020/05/cnt_so_communique_confederal_15_mai_2020.pdf | sites/2/2020/05/cnt_so_communique_confederal_15_mai_2020.pdf
1068,"Dans l’industrie, on s’organise avec la CNT-SO !",/13/dans-lindustrie-on-sorganise-avec-la-cnt-so/,cnt_so_dans_l_industrie_on_s_organise.pdf,exact,sites/2/2020/05/cnt_so_dans_l_industrie_on_s_organise.pdf,sites/2/2020/05/cnt_so_dans_l_industrie_on_s_organise.pdf | sites/2/2023/06/cnt_so_dans_l_industrie_on_s_organise.pdf
1087,Communiqué de la fédération Education & Recherche CNT-SO sur la réouverture des établissements,/13/communique-de-la-federation-education-recherche-cnt-so-sur-la-reouverture-des-etablissements/,cnt_so_educ_com_30_04_2020.pdf,exact,sites/2/2020/05/cnt_so_educ_com_30_04_2020.pdf,sites/2/2020/05/cnt_so_educ_com_30_04_2020.pdf
1088,COVID-19 : exercer son droit de retrait dans l’Education,/13/covid-19-exercer-son-droit-de-retrait-dans-leducation/,cnt_so_educ_se_defendre_covid19.pdf,exact,2020/05/cnt_so_educ_se_defendre_covid19.pdf,2020/05/cnt_so_educ_se_defendre_covid19.pdf | sites/2/2020/05/cnt_so_educ_se_defendre_covid19.pdf
1118,"LOI SUR L’ÉTAT D’URGENCE SANITAIRE : pendant la « guerre sanitaire », la guerre sociale continue !",/13/loi-sur-letat-durgence-sanitaire-pendant-la-guerre-sanitaire-la-guerre-sociale-continue/,cnt_so_loi_etat_urgence_sanitaire.pdf,exact,2020/03/cnt_so_loi_etat_urgence_sanitaire.pdf,2020/03/cnt_so_loi_etat_urgence_sanitaire.pdf | sites/2/2020/03/cnt_so_loi_etat_urgence_sanitaire.pdf
1133,"Dans la restauration, en 2020 on s’organise !",/13/dans-la-restauration-en-2020-on-sorganise/,cnt_so_restauration_2020,exact,sites/2/2020/03/cnt_so_restauration_2020.pdf,sites/2/2020/03/cnt_so_restauration_2020.pdf
1145,Les retraites Macron c’est toujours NON ! Grève générale le 24 janvier !,/13/les-retraites-macron-cest-toujours-non-greve-generale-le-24-janvier/,cnt_so_retraites_21_janvier_2020,exact,2020/01/cnt_so_retraites_21_janvier_2020.pdf,2020/01/cnt_so_retraites_21_janvier_2020.pdf | sites/2/2020/01/cnt_so_retraites_21_janvier_2020.pdf
1146,Mercredi 22 janvier 2020 :  Occupation festive et revendicative devant le Rectorat (Aix),/13/mercredi-22-janvier-2020-occupation-festive-et-revendicative-devant-le-rectorat-aix/,appel_occupation_place_lucien_paye_mercredi_22_janvier_2020,introuvable,,
1150,Education : les E3C ça sera sans nous !,/13/education-les-e3c-ca-sera-sans-nous/,appel_acad_e3c,introuvable,,
1150,Education : les E3C ça sera sans nous !,/13/education-les-e3c-ca-sera-sans-nous/,cnt_so_e3c_janvier_2020,exact,sites/2/2020/01/cnt_so_e3c_janvier_2020.pdf,sites/2/2020/01/cnt_so_e3c_janvier_2020.pdf
1151,"Avec ou sans âge pivot, la retraite à points on n'en veux pas : retrait du projet Macron/philippe !",/13/avec-ou-sans-age-pivot-la-retraite-a-points-on-nen-veux-pas-retrait-du-projet-macron-philippe/,Retraite_13janv,introuvable,,
1154,"Alors On Reste : Samedi 11 janvier, après la manif, occupation festive de la porte d'Aix",/13/alors-on-reste-samedi-11-janvier-apres-la-manif-occupation-festive-de-la-porte-daix/,alorsonreste_nb-ud,exact,sites/2/2020/01/alorsonreste_nb-ud.pdf,sites/2/2020/01/alorsonreste_nb-ud.pdf
1159,"Banquet de lutte lundi 23/12, le mouvement contre les retraites Macron continue !",/13/banquet-de-lutte-lundi-23-12-le-mouvement-contre-les-retraites-macron-continue/,cnt_so_retraites_dec_2019,introuvable,,
1164,"Communiqué de la fédération Education : Les retraites Macron, l'arnaque du siècle !",/13/communique-de-la-federation-education-les-retraites-macron-larnaque-du-siecle/,cnt_so_com_educ_retraites_11_12_2019.pdf,exact,sites/2/2019/12/cnt_so_com_educ_retraites_11_12_2019.pdf,sites/2/2019/12/cnt_so_com_educ_retraites_11_12_2019.pdf
1181,Avec la CNT-SO   DÉFENDRE NOS DROITS  ET NOTRE DIGNITÉ !  Chez ELIOR Services Propreté et Santé,/13/avec-la-cnt-so-defendre-nos-droits-et-notre-dignite-chez-elior-services-proprete-et-sante/,profession_de_foi_elections_elior_cse-paca,introuvable,,
1183,Mobilisation de soutien aux luttes des femmes de chambre !,/13/mobilisation-de-soutien-aux-luttes-des-femmes-de-chambre/,Tract_soustraitance_10sept19,exact,sites/2/2019/09/tract_soustraitance_10sept19.pdf,sites/2/2019/09/tract_soustraitance_10sept19.pdf
1186,Plus de 4 mois de grève au NH Collection Marseille : continuons la solidarité active et financière !,/13/plus-de-4-mois-de-greve-au-nh-collection-marseille-continuons-la-solidarite-active-et-financiere/,caisse_de_greve_nh-3.pdf,douteux,,2019/08/caisse_de_greve_nh-3.pdf | sites/2/2019/08/caisse_de_greve_nh-3.pdf
1189,Marlene Schiappa : les femmes de chambre et les travailleurs-euses de la propreté n’ont pas besoin de blabla mais d’avancées pour leurs droits !,/13/marlene-schiappa-les-femmes-de-chambre-et-les-travailleurs-euses-de-la-proprete-nont-pas-besoin-de-blabla-mais-davancees-pour-leurs-droits/,communique_schiappa_24_juin_19.pdf,exact,2019/06/communique_schiappa_24juin19.pdf,2019/06/communique_schiappa_24juin19.pdf | sites/2/2019/06/communique_schiappa_24_juin_19.pdf
1193,"Education : Le 17 et après, le bac et les exams... c'est sans nous !",/13/education-le-17-et-apres-le-bac-et-les-exams-cest-sans-nous/,cnt_so_greve_exams_2019.pdf,exact,sites/2/2019/06/cnt_so_greve_exams_2019.pdf,sites/2/2019/06/cnt_so_greve_exams_2019.pdf
1214,"Education : contre la loi Fonction publique, tous et toutes en grève le 9 mai 2019 !",/13/education-contre-la-loi-fonction-publique-tous-et-toutes-en-greve-le-9-mai-2019/,cnt_so_educ_greve_fonction_publique.pdf,exact,sites/2/2019/05/cnt_so_educ_greve_fonction_publique.pdf,sites/2/2019/05/cnt_so_educ_greve_fonction_publique.pdf
1214,"Education : contre la loi Fonction publique, tous et toutes en grève le 9 mai 2019 !",/13/education-contre-la-loi-fonction-publique-tous-et-toutes-en-greve-le-9-mai-2019/,appel_intersyndical_9_mai-1.pdf,exact,sites/2/2019/05/appel_intersyndical_9_mai-1.pdf,sites/2/2019/05/appel_intersyndical_9_mai-1.pdf
1215,"Contre la loi Fonction publique, tous et toutes en grève le 9 mai 2019 !",/13/contre-la-loi-fonction-publique-tous-et-toutes-en-greve-le-9-mai-2019/,cnt_so_loi_fonction_publique.pdf,exact,2019/05/cnt_so_loi_fonction_publique.pdf,2019/05/cnt_so_loi_fonction_publique.pdf | sites/2/2019/05/cnt_so_loi_fonction_publique.pdf
1230,Nettoyage : grille des salaires 2019,/13/nettoyage-grille-des-salaires-2019/,cnt_so_nettoyage_13_2019.pdf,exact,sites/2/2019/03/cnt_so_nettoyage_13_2019.pdf,sites/2/2019/03/cnt_so_nettoyage_13_2019.pdf
1231,Stage syndical et pédagogique 28-29 mars 2019 : pédagogies en lutte et émancipations,/13/stage-syndical-et-pedagogique-28-29-mars-2019-pedagogies-en-lutte-et-emancipations/,livret_stage_compresse.pdf,exact,sites/2/2019/03/livret_stage_compresse.pdf,sites/2/2019/03/livret_stage_compresse.pdf
1233,"Campagne : ""Egaux, égales, personne n’est illégal !""",/13/campagne-egaux-egales-personne-nest-illegal/,appel_3_avril_2019-region.pdf,exact,2019/03/appel_3_avril_2019-region.pdf,2019/03/appel_3_avril_2019-region.pdf | sites/2/2019/03/appel_3_avril_2019-region.pdf
1266,Education : les personnels dans l’action au côté des lycéen-ne-s !,/13/education-les-personnels-dans-laction-au-cote-des-lyceen-ne-s/,cnt_so_educ_decembre_2018.pdf,exact,sites/2/2018/12/cnt_so_educ_decembre_2018.pdf,sites/2/2018/12/cnt_so_educ_decembre_2018.pdf
1286,Rassemblements de soutien à la lutte MacDo et contre la violence patronale : mardi 16/10 et jeudi 18/10,/13/rassemblements-de-soutien-a-la-lutte-macdo-et-contre-la-violence-patronale-mardi-16-10-et-jeudi-18-10/,mac_do16octobre2018,exact,2018/10/mac_do16octobre2018.pdf,2018/10/mac_do16octobre2018.pdf | sites/2/2018/10/mac_do16octobre2018.pdf
1313,Maintien des activités pour la « crèche de l’œuf » à la Busserine (14°) !,/13/maintien-des-activites-pour-la-creche-de-loeuf-a-la-busserine-14/,communiquecrechebusserine_04juillet18,exact,sites/2/2018/07/communiquecrechebusserine_04juillet18.pdf,sites/2/2018/07/communiquecrechebusserine_04juillet18.pdf
1329,"Le 1er mai, remettons l’imagination au pouvoir ! Tous et toutes dans la rue !",/13/le-1er-mai-remettons-limagination-au-pouvoir-tous-et-toutes-dans-la-rue/,cnt_so_1er_mai_2018,exact,2018/04/cnt_so_1er_mai_2018.pdf,2018/04/cnt_so_1er_mai_2018.pdf | sites/2/2018/04/cnt_so_1er_mai_2018.pdf
1338,Public – Privé : le rapport de force c'est maintenant !,/13/public-prive-le-rapport-de-force-cest-maintenant/,cnt_so_public_prive_avril2018,exact,2018/04/cnt_so_public_prive_avril2018.pdf,2018/04/cnt_so_public_prive_avril2018.pdf | sites/2/2018/04/cnt_so_public_prive_avril2018.pdf | sites/3/2018/04/cnt_so_public_prive_avril2018.pdf
1346,"Jeunesse non scolarisée, Jeunesse en danger !",/13/jeunesse-non-scolarisee-jeunesse-en-danger/,Courrier_dasen_recteur_21_mars_2018,introuvable,,
1347,Bulletin de la CNT-Solidarité Ouvrière - N°21 Printemps 2018,/13/bulletin-de-la-cnt-solidarite-ouvriere-n21-printemps-2018/,cnt_so_bulletin_21,exact,sites/2/2018/03/cnt_so_bulletin_21.pdf,sites/2/2018/03/cnt_so_bulletin_21.pdf
1348,"« Réformes » Blanquer, une éducation au service du MEDEF et contre les classes populaires !",/13/reformes-blanquer-une-education-au-service-du-medef-et-contre-les-classes-populaires/,cnt_so_educ_reformes_lycee_2018,exact,sites/2/2018/03/cnt_so_educ_reformes_lycee_2018.pdf,sites/2/2018/03/cnt_so_educ_reformes_lycee_2018.pdf
1358,"Nettoyage : Stop au mépris et à l’exploitation ! En 2018, on s'organise avec la CNT-SO !",/13/nettoyage-stop-au-mepris-et-a-lexploitation-en-2018-on-sorganise-avec-la-cnt-so/,cnt_so_13_nettoyage,introuvable,,
1364,L'école Macron/Blanquer ne sera jamais la notre : en grève le 06/02/18 !,/13/lecole-macron-blanquer-ne-sera-jamais-la-notre-en-greve-le-06-02-18/,cnt_so_reforme_lycee_greve_06_02_18,exact,2018/02/cnt_so_reforme_lycee_greve_06_02_18.pdf,2018/02/cnt_so_reforme_lycee_greve_06_02_18.pdf | sites/2/2018/02/cnt_so_reforme_lycee_greve_06_02_18.pdf
1374,"Dans les services à la personne, en 2018, on s’organise !",/13/dans-les-services-a-la-personne-en-2018-on-sorganise/,cnt_so_tract_sap_2018,exact,sites/2/2018/01/cnt_so_tract_sap_2018.pdf,sites/2/2018/01/cnt_so_tract_sap_2018.pdf
1375,"De Clichy à Marseille les ""invisibles"" de la sous-traitance hôtelière se font entendre !",/13/de-clichy-a-marseille-les-invisibles-de-la-sous-traitance-hoteliere-se-font-entendre/,tract_holidayinn_20janv18,exact,2018/01/tract_holidayinn_20janv18.pdf,2018/01/tract_holidayinn_20janv18.pdf | sites/2/2018/01/tract_holidayinn_20janv18.pdf
1377,Présentation de la CNT Solidarité Ouvrière,/13/presentation-de-la-cnt-solidarite-ouvriere/,cnt_so_tract_presentation,introuvable,,
1378,Bâtiment & Travaux Publics : en 2018 on s’organise !,/13/batiment-travaux-publics-en-2018-on-sorganise/,tract_btp_13,exact,sites/2/2018/01/tract_btp_13.pdf,sites/2/2018/01/tract_btp_13.pdf
1382,Convention HCR (Hôtellerie - restauration) : grilles des salaires 2017-2018 et qualifications,/13/convention-hcr-hotellerie-restauration-grilles-des-salaires-2017-2018-et-qualifications/,cnt_so13_convention_hcr_2017_2018,introuvable,,
1382,Convention HCR (Hôtellerie - restauration) : grilles des salaires 2017-2018 et qualifications,/13/convention-hcr-hotellerie-restauration-grilles-des-salaires-2017-2018-et-qualifications/,grille_classif,introuvable,,
1390,"Double mobilisation contre la sous-traitance hôtelière, vendredi 01/12",/13/double-mobilisation-contre-la-sous-traitance-hoteliere-vendredi-01-12/,mobilisationsoustraitance_01dec17,introuvable,,
1394,Semaine d'action contre la suppressions de contrats CUI dans l'Education du 13 au 17 novembre,/13/semaine-daction-contre-la-suppressions-de-contrats-cui-dans-leducation-du-13-au-17-novembre/,pe_tition_aade,introuvable,,
1394,Semaine d'action contre la suppressions de contrats CUI dans l'Education du 13 au 17 novembre,/13/semaine-daction-contre-la-suppressions-de-contrats-cui-dans-leducation-du-13-au-17-novembre/,tract_cui_unitaire_2017,exact,2017/11/tract_cui_unitaire_2017.pdf,2017/11/tract_cui_unitaire_2017.pdf
1394,Semaine d'action contre la suppressions de contrats CUI dans l'Education du 13 au 17 novembre,/13/semaine-daction-contre-la-suppressions-de-contrats-cui-dans-leducation-du-13-au-17-novembre/,motion_aade_conseil_d_e_cole_unitaire,introuvable,,
1394,Semaine d'action contre la suppressions de contrats CUI dans l'Education du 13 au 17 novembre,/13/semaine-daction-contre-la-suppressions-de-contrats-cui-dans-leducation-du-13-au-17-novembre/,courrier_aux_parents,exact,2017/11/courrier_aux_parents.odt,2017/11/courrier_aux_parents.odt | sites/2/2017/11/courrier_aux_parents.odt
1400,Suppression des postes d'Aide Administrative à la Direction d’École (AADE) : appel de l'intersyndicale 13,/13/suppression-des-postes-daide-administrative-a-la-direction-decole-aade-appel-de-lintersyndicale-13/,affichette_aade,exact,sites/2/2017/10/affichette_aade.pdf,sites/2/2017/10/affichette_aade.pdf
1400,Suppression des postes d'Aide Administrative à la Direction d’École (AADE) : appel de l'intersyndicale 13,/13/suppression-des-postes-daide-administrative-a-la-direction-decole-aade-appel-de-lintersyndicale-13/,Affiche_pour_manif_10.10.17,exact,sites/2/2017/10/affiche_pour_manif_10.10.17.pdf,sites/2/2017/10/affiche_pour_manif_10.10.17.pdf
1405,NON A LA CASSE DE NOS DROITS ! 12 SEPTEMBRE 2017 Public – privé : tous et toutes en grève et dans la rue !,/13/non-a-la-casse-de-nos-droits-12-septembre-2017-public-prive-tous-et-toutes-en-greve-et-dans-la-rue/,cnt_so_12.09.2017,exact,sites/2/2017/09/cnt_so_12.09.2017.pdf,sites/2/2017/09/cnt_so_12.09.2017.pdf
1420,Bulletin de la CNT-Solidarité Ouvrière - N°20 Été 2017 - Numéro spécial réformes Macron,/13/bulletin-de-la-cnt-solidarite-ouvriere-n20-ete-2017-numero-special-reformes-macron/,cnt_so_bulletin_20,exact,sites/2/2017/06/cnt_so_bulletin_20.pdf,sites/2/2017/06/cnt_so_bulletin_20.pdf
1429,"Marseille - Salarié.e de la ""zone touristique"" (Terrasses du Port, Docks...), pour défendre tes droits et en gagner de nouveaux, viens voir le syndicat !",/13/marseille-salarie-e-de-la-zone-touristique-terrasses-du-port-docks-pour-defendre-tes-droits-et-en-gagner-de-nouveaux-viens-voir-le-syndicat/,CNT_SO_zone_touristique_2016,introuvable,,
1430,"1er mai, tous et toutes mobilisé-e-s, pour la défense de nos droits et libertés !",/13/1er-mai-tous-et-toutes-mobilise-e-s-pour-la-defense-de-nos-droits-et-libertes/,cnt_so_13_1er_mai_17,exact,sites/2/2017/04/cnt_so_13_1er_mai_17.pdf,sites/2/2017/04/cnt_so_13_1er_mai_17.pdf
1433,"Tract intersyndical contre l'Extrême Droite dans le 13 (CGT, CNT-SO, FSU, Solidaires 13 et UNEF et UNL",/13/tract-intersyndical-contre-lextreme-droite-dans-le-13-cgt-cnt-so-fsu-solidaires-13-et-unef-et-unl/,tract_unitaire,introuvable,,
1440,Bulletin de la CNT-Solidarité Ouvrière - N°19 Fev 2017,/13/bulletin-de-la-cnt-solidarite-ouvriere-n19-fev-2017/,cnt_so_bulletin_19,exact,sites/2/2017/02/cnt_so_bulletin_19.pdf,sites/2/2017/02/cnt_so_bulletin_19.pdf | sites/3/2017/02/cnt_so_bulletin_19.pdf
1441,"Stage intersyndical ""Pédagogies en lutte et Émancipations"" : 30 et 31 mars 2017,",/13/stage-intersyndical-pedagogies-en-lutte-et-emancipations-30-et-31-mars-2017/,Stage_pedagogies_en_lutte_-_texte_appel.,introuvable,,
1443,TPE : une urgence la syndicalisation !,/13/tpe-une-urgence-la-syndicalisation/,communiquetpe_cnt-so_04fev17,exact,sites/2/2017/02/communiquetpe_cnt-so_04fev17.pdf,sites/2/2017/02/communiquetpe_cnt-so_04fev17.pdf
1448,"Education Prioritaire : la lutte continue ! Manifestation à Marseille, jeudi 12 janvier 2017 - Montée à Paris, jeudi 19/01",/13/education-prioritaire-la-lutte-continue-manifestation-a-marseille-jeudi-12-janvier-2017-montee-a-paris-jeudi-19-01/,appel_intersyndical_lycees_zep,introuvable,,
1449,"Education Prioritaire :  nouveau ""temps fort"" de mobilisation, le 10 janvier",/13/education-prioritaire-nouveau-temps-fort-de-mobilisation-le-10-janvier/,Appel_intersyndicale_academique_ep_10_janvier,introuvable,,
1449,"Education Prioritaire :  nouveau ""temps fort"" de mobilisation, le 10 janvier",/13/education-prioritaire-nouveau-temps-fort-de-mobilisation-le-10-janvier/,Appelag-zep_05janv17,exact,sites/2/2017/01/appelag-zep_05janv17.pdf,sites/2/2017/01/appelag-zep_05janv17.pdf
1454,"Lycées en Education prioritaire : ultimatum du 3 janvier, pas de classement pas de rentrée !",/13/lycees-en-education-prioritaire-ultimatum-du-3-janvier-pas-de-classement-pas-de-rentree/,Appel_intersyndicale_academique_lycees_education_prioritaire,exact,sites/2/2016/11/appel_intersyndicale_academique_lycees_education_prioritaire.pdf,sites/2/2016/11/appel_intersyndicale_academique_lycees_education_prioritaire.pdf
1458,"Élections TPE 2016, salarié-e-s du commerce : votons pour la CNT Solidarité Ouvrière !",/13/elections-tpe-2016-salarie-e-s-du-commerce-votons-pour-la-cnt-solidarite-ouvriere/,cnt_so_tpe_2016_tractcommerce,exact,sites/2/2016/12/cnt_so_tpe_2016_tractcommerce.pdf,sites/2/2016/12/cnt_so_tpe_2016_tractcommerce.pdf
1465,Éducation Prioritaire : Appel de l’intersyndicale académique à la grève le 29 novembre,/13/education-prioritaire-appel-de-lintersyndicale-academique-a-la-greve-le-29-novembre/,Appel_intersyndicale_academique_lycees_education_prioritaire,exact,sites/2/2016/11/appel_intersyndicale_academique_lycees_education_prioritaire.pdf,sites/2/2016/11/appel_intersyndicale_academique_lycees_education_prioritaire.pdf
1470,Sortie des Lycées du dispositif ZEP : tous et toutes en grève le jeudi 17 novembre !,/13/sortie-des-lycees-du-dispositif-zep-tous-et-toutes-en-greve-le-jeudi-17-novembre/,tract_aed_17_novembre_intersyndical,introuvable,,
1479,Hôtel Intercontinental (Panier) : nouvelle victoire pour le « mouvement des femmes de chambre » !,/13/hotel-intercontinental-panier-nouvelle-victoire-pour-le-mouvement-des-femmes-de-chambre/,Communiqueintercontinental_27oct16,exact,sites/2/2016/10/communiqueintercontinental_27oct16.pdf,sites/2/2016/10/communiqueintercontinental_27oct16.pdf
1483,"Education : Menace sur les lycées ZEP, appel intersyndical Académique",/13/education-menace-sur-les-lycees-zep-appel-intersyndical-academique/,appel_intersyndical_education_prioritaire,introuvable,,
1485,Appart'City Euromed (Marseille 2°) : la victoire au bout du conflit pour les femmes de chambre,/13/appartcity-euromed-marseille-2-la-victoire-au-bout-du-conflit-pour-les-femmes-de-chambre/,communiqueappart_city_29sept16,exact,sites/2/2016/09/communiqueappart_city_29sept16.pdf,sites/2/2016/09/communiqueappart_city_29sept16.pdf
1486,"STN Groupe,  élections professionnelles  : votez pour les candidat-e-s de la CNT Solidarité Ouvrière !",/13/stn-groupe-elections-professionnelles-votez-pour-les-candidat-e-s-de-la-cnt-solidarite-ouvriere/,profession_de_foi_stn,exact,sites/2/2016/09/profession_de_foi_stn.pdf,sites/2/2016/09/profession_de_foi_stn.pdf
1491,Jeudi 15 septembre : grève interprofessionnelle - Manif 10h30 au Vx-port,/13/jeudi-15-septembre-greve-interprofessionnelle-manif-10h30-au-vx-port/,cnt_so_15_09_16,exact,sites/2/2016/09/cnt_so_15_09_16.pdf,sites/2/2016/09/cnt_so_15_09_16.pdf
1505,"Loi Travail : 23, 24 et 28,  dans la grève, dans la rue et dans les actions, on continue !",/13/loi-travail-23-24-et-28-dans-la-greve-dans-la-rue-et-dans-les-actions-on-continue/,LoiTravail_Com22juin16,introuvable,,
1525,"Compte-rendu de la soirée-débat ""Enseignant.e.s, formatrices et formateurs, quelles pratiques pour résister à la glottophobie ?""",/13/compte-rendu-de-la-soiree-debat-enseignant-e-s-formatrices-et-formateurs-quelles-pratiques-pour-resister-a-la-glottophobie/,presentation_st_clerc_conan,introuvable,,
1542,Grève des femmes de chambre du Golden Tulip - Villa Massalia : revue de presse,/13/greve-des-femmes-de-chambre-du-golden-tulip-villa-massalia-revue-de-presse/,lamarseillaise_27mars16,exact,sites/2/2016/04/lamarseillaise_27mars16.pdf,sites/2/2016/04/lamarseillaise_27mars16.pdf
1550,"Hôtel Golden Tulip - Villa Massalia : échec des négociations, la grève se poursuit !",/13/hotel-golden-tulip-villa-massalia-echec-des-negociations-la-greve-se-poursuit/,communique_vm_29mars16,exact,sites/2/2016/03/communique_vm_29mars16.pdf,sites/2/2016/03/communique_vm_29mars16.pdf
1553,Loi travail : grève générale  contre la régression sociale !,/13/loi-travail-greve-generale-contre-la-regression-sociale/,cnt_so_loi_travail_mars2016,exact,sites/2/2016/03/cnt_so_loi_travail_mars2016.pdf,sites/2/2016/03/cnt_so_loi_travail_mars2016.pdf
1554,"Hôtel Golden Tulip - Villa Massalia (Marseille 8°) : après les élections, la mobilisation !",/13/hotel-golden-tulip-villa-massalia-marseille-8-apres-les-elections-la-mobilisation/,communique_stn_mars16,exact,sites/2/2016/03/communique_stn_mars16.pdf,sites/2/2016/03/communique_stn_mars16.pdf
1564,Grève à l'hôtel Adagio Vieux Port (2°) : Communiqués et revue de presse,/13/greve-a-lhotel-adagio-vieux-port-2-communiques-et-revue-de-presse/,fr3_provence-alpe-20-11-2015.mp3,exact,sites/2/2015/11/fr3_provence-alpe-20-11-2015.mp3,sites/2/2015/11/fr3_provence-alpe-20-11-2015.mp3
1564,Grève à l'hôtel Adagio Vieux Port (2°) : Communiqués et revue de presse,/13/greve-a-lhotel-adagio-vieux-port-2-communiques-et-revue-de-presse/,fr3_provence-alpe-20-11-2015.mp3,exact,sites/2/2015/11/fr3_provence-alpe-20-11-2015.mp3,sites/2/2015/11/fr3_provence-alpe-20-11-2015.mp3
1567,"Pétition contre le décret « Macron », nouvelle atteinte à la liberté syndicale !",/13/petition-contre-le-decret-macron-nouvelle-atteinte-a-la-liberte-syndicale/,petition_prud_hommesoct2015,exact,sites/2/2015/10/petition_prud_hommesoct2015.pdf,sites/2/2015/10/petition_prud_hommesoct2015.pdf
1568,Nettoyage : Stop au mépris et à l'exploitation !,/13/nettoyage-stop-au-mepris-et-a-lexploitation/,cnt-so_13_-_nettoyage_tract_general.pdf,exact,sites/2/2015/10/cnt-so_13_-_nettoyage_tract_general.pdf,sites/2/2015/10/cnt-so_13_-_nettoyage_tract_general.pdf
1575,Éducation/Recherche : Rentrée des classes... rentrée syndicale !,/13/education-recherche-rentree-des-classes-rentree-syndicale/,cnt_so_educ_rentree_2015_2016.pdf,exact,sites/2/2015/09/cnt_so_educ_rentree_2015_2016.pdf,sites/2/2015/09/cnt_so_educ_rentree_2015_2016.pdf
1601,"Education : grève et mobilisation unitaire pour l’Education Prioritaire, le 09 décembre 2014",/13/education-greve-et-mobilisation-unitaire-pour-leducation-prioritaire-le-09-decembre-2014/,com_intersyndicale_educ_prioritaire.pdf,exact,sites/2/2014/11/com_intersyndicale_educ_prioritaire.pdf,sites/2/2014/11/com_intersyndicale_educ_prioritaire.pdf
1623,Education / Fonction publique : grève et manifestation unitaires le 15 mai 2014,/13/education-fonction-publique-greve-et-manifestation-unitaires-le-15-mai-2014/,15mai2014_intersyndicale13,introuvable,,
1628,1er mai 2014 : Rendez-vous à Marseille,/13/1er-mai-2014-rendez-vous-a-marseille/,Tract_1ermai2014,introuvable,,
1631,Nettoyage : Grille des salaires 2014,/13/nettoyage-grille-des-salaires-2014/,cnt-so_13_-_nettoyage_salaires_2014.pdf,exact,sites/2/2014/03/cnt-so_13_-_nettoyage_salaires_2014.pdf,sites/2/2014/03/cnt-so_13_-_nettoyage_salaires_2014.pdf
1634,Education : la lutte continue ! Tous et toutes en gève le 18 mars !,/13/education-la-lutte-continue-tous-et-toutes-en-geve-le-18-mars/,appel_18_mars.pdf,exact,sites/2/2014/02/appel_18_mars.pdf,sites/2/2014/02/appel_18_mars.pdf
1634,Education : la lutte continue ! Tous et toutes en gève le 18 mars !,/13/education-la-lutte-continue-tous-et-toutes-en-geve-le-18-mars/,Tract_DGH,introuvable,,
1637,Marseille Zone d'animation culturelle et touristique : accord et avenant relatif à la dérogation du repos dominical,/13/marseille-zone-danimation-culturelle-et-touristique-accord-et-avenant-relatif-a-la-derogation-du-repos-dominical/,perimetre_de_la_zone_d_animation_culturelle_et_touristique-4.pdf,exact,sites/2/2014/02/perimetre_de_la_zone_d_animation_culturelle_et_touristique-4.pdf,sites/2/2014/02/perimetre_de_la_zone_d_animation_culturelle_et_touristique-4.pdf
1643,Education/Recherche : bulletin d'info fédéral n°1,/13/education-recherche-bulletin-dinfo-federal-n1/,cnt_so_educ_bulletin__dec2013.pdf,exact,sites/2/2014/01/cnt_so_educ_bulletin__dec2013.pdf,sites/2/2014/01/cnt_so_educ_bulletin__dec2013.pdf
1648,"Nettoyage : Française de services, ce n'est pas du luxe pour les salariés !",/13/nettoyage-francaise-de-services-ce-nest-pas-du-luxe-pour-les-salaries/,cnt-so-13-nettoyage-francaise_de_service.pdf,exact,sites/2/2013/12/cnt-so-13-nettoyage-francaise_de_service.pdf,sites/2/2013/12/cnt-so-13-nettoyage-francaise_de_service.pdf
1658,Nettoyage infos : grille des salaires année 2013,/13/nettoyage-infos-grille-des-salaires-annee-2013/,cnt-so_13_-_nettoyage_salaires.pdf,exact,sites/2/2013/10/cnt-so_13_-_nettoyage_salaires.pdf,sites/2/2013/10/cnt-so_13_-_nettoyage_salaires.pdf
1660,Pour nos retraites : tous et toutes en grève le 15 octobre !,/13/pour-nos-retraites-tous-et-toutes-en-greve-le-15-octobre/,CNT_SO13_A3retraites,introuvable,,
1664,[Nettoyage - Lyon] Nos camarades en grève ! - Premières victoires,/13/nettoyage-lyon-nos-camarades-en-greve-premieres-victoires/,cnt-so_greve_confluence_sept_2013-1.pdf,exact,sites/2/2013/09/cnt-so_greve_confluence_sept_2013-1.pdf,sites/2/2013/09/cnt-so_greve_confluence_sept_2013-1.pdf
1668,Bâtiment : Amiantons-nous les uns les autres !,/13/batiment-amiantons-nous-les-uns-les-autres/,cnt-so_13_tract_amiante.pdf,exact,sites/2/2013/09/cnt-so_13_tract_amiante.pdf,sites/2/2013/09/cnt-so_13_tract_amiante.pdf
1703,Salarié.e.s du privé : 10 règles d’or pour défendre ses droits !,/13/salarie-e-s-du-prive-10-regles-dor-pour-defendre-ses-droits/,tract_regles_d-or_generaliste_13-1.pdf,exact,sites/2/2020/10/tract_regles_d-or_generaliste_13-1.pdf,sites/2/2020/10/tract_regles_d-or_generaliste_13-1.pdf
1705,Exercice dans l'Éducation Prioritaire : vos droits,/13/exercice-dans-leducation-prioritaire-vos-droits/,cnt-so_educ_prioritaire_guide_2014_2015,exact,sites/2/2014/10/cnt-so_educ_prioritaire_guide_2014_2015.pdf,sites/2/2014/10/cnt-so_educ_prioritaire_guide_2014_2015.pdf
841,TRAVAILLER CHEZ NOZ : UN VRAI CAUCHEMAR !,/poitiers/travailler-chez-noz-un-vrai-cauchemar/,travailler_chez_noz.pdf,exact,2021/05/travailler_chez_noz.pdf,2021/05/travailler_chez_noz.pdf
843,"Tract : Réforme de l’assurance-chômage, Travailleur·euses de la culture et du spectacle : pas de retrait, pas de reprise !",/poitiers/tract-reforme-de-lassurance-chomage-travailleur-euses-de-la-culture-et-du-spectacle-pas-de-retrait-pas-de-reprise/,cnt_so_stucs_22_mai_2021.pdf,exact,2021/05/cnt_so_stucs_22_mai_2021.pdf,2021/05/cnt_so_stucs_22_mai_2021.pdf
871,Salarié.es du privé : 10 règles d’or pour défendre ses droits !,/poitiers/salarie-es-du-prive-10-regles-dor-pour-defendre-ses-droits/,affiche_regles_d_or_ge_ne_raliste_.pdf,exact,2021/02/affiche_regles_d_or_ge_ne_raliste_.pdf,2021/02/affiche_regles_d_or_ge_ne_raliste_.pdf | sites/2/2021/03/affiche_regles_d_or_ge_ne_raliste_.pdf
873,"1er Mai 2021, pour l'honneur des travailleur·euses !",/poitiers/1er-mai-2021-pour-lhonneur-des-travailleur-euses/,tract_1er_mai.pdf,introuvable,,
1224,"Le syndicalisme et les travailleuses et travailleurs sans papier : Débat / rencontre, vendredi 26 avril à 19h au local de la CNT-SO",/rhone-alpes/le-syndicalisme-et-les-travailleuses-et-travailleurs-sans-papier-debat-rencontre-vendredi-26-avril-a-19h-au-local-de-la-cnt-so/,tract_lyon.pdf,exact,sites/3/2019/04/tract_lyon.pdf,sites/3/2019/04/tract_lyon.pdf
1314,Présentation de la CNT Solidarité Ouvrière,/rhone-alpes/presentation-de-la-cnt-solidarite-ouvriere/,presentation_cnt_so_69,exact,sites/3/2018/07/presentation_cnt_so_69.pdf,sites/3/2018/07/presentation_cnt_so_69.pdf
1315,"Nettoyage : Stop au mépris et à l’exploitation ! En 2018, on s’organise avec la CNT-SO !",/rhone-alpes/nettoyage-stop-au-mepris-et-a-lexploitation-en-2018-on-sorganise-avec-la-cnt-so/,cnt_so_69_nettoyage_2018,exact,sites/3/2018/07/cnt_so_69_nettoyage_2018.pdf,sites/3/2018/07/cnt_so_69_nettoyage_2018.pdf
1316,"Restauration : en 2018, on s'organise avec la CNT-SO !",/rhone-alpes/restauration-en-2018-on-sorganise-avec-la-cnt-so/,cnt_so_69_Restauration_2018,introuvable,,
1317,"Dans les services à la personne, en 2018, on s'organise !",/rhone-alpes/dans-les-services-a-la-personne-en-2018-on-sorganise/,cnt_so_sap_2018,exact,sites/3/2018/07/cnt_so_sap_2018.pdf,sites/3/2018/07/cnt_so_sap_2018.pdf
1317,"Dans les services à la personne, en 2018, on s'organise !",/rhone-alpes/dans-les-services-a-la-personne-en-2018-on-sorganise/,cnt_so_sap_2018_69_p2,exact,sites/3/2018/07/cnt_so_sap_2018_69_p2.pdf,sites/3/2018/07/cnt_so_sap_2018_69_p2.pdf
1318,"Bâtiment & Travaux Publics : en 2018, on s'organise !",/rhone-alpes/batiment-travaux-publics-en-2018-on-sorganise/,cnt_so_69_btp,exact,sites/3/2018/06/cnt_so_69_btp.pdf,sites/3/2018/06/cnt_so_69_btp.pdf
1333,Public – Privé : le rapport de force c’est maintenant !,/rhone-alpes/public-prive-le-rapport-de-force-cest-maintenant/,cnt_so_public_prive_avril2018,exact,2018/04/cnt_so_public_prive_avril2018.pdf,2018/04/cnt_so_public_prive_avril2018.pdf | sites/2/2018/04/cnt_so_public_prive_avril2018.pdf | sites/3/2018/04/cnt_so_public_prive_avril2018.pdf
1373,"De Clichy à Lyon les ""invisibles"" de la sous-traitance hôtelière se font entendre !",/rhone-alpes/de-clichy-a-lyon-les-invisibles-de-la-sous-traitance-hoteliere-se-font-entendre/,tract_holidayinn_lyon_18janv18,exact,sites/3/2018/01/tract_holidayinn_lyon_18janv18.pdf,sites/3/2018/01/tract_holidayinn_lyon_18janv18.pdf
1428,"1er mai, tous et toutes mobilisé-e-s, pour la défense de nos droits et libertés !",/rhone-alpes/1er-mai-tous-et-toutes-mobilise-e-s-pour-la-defense-de-nos-droits-et-libertes/,cnt_so_1mai17_lyon,exact,sites/3/2017/04/cnt_so_1mai17_lyon.pdf,sites/3/2017/04/cnt_so_1mai17_lyon.pdf
1437,Bulletin de la CNT-Solidarité Ouvrière - N°19 Fev 2017,/rhone-alpes/bulletin-de-la-cnt-solidarite-ouvriere-n19-fev-2017/,cnt_so_bulletin_19,exact,sites/2/2017/02/cnt_so_bulletin_19.pdf,sites/2/2017/02/cnt_so_bulletin_19.pdf | sites/3/2017/02/cnt_so_bulletin_19.pdf
682,Éducation : feuille d'information des lycées professionnels,/education-feuille-dinformation-des-lycees-professionnels/,cnt_so_educ_infos_LP_dec21_janvier22_p1,miroir,2021/12/cnt_so_educ_infos_LP_dec21_janvier22_p1.pdf,2021/12/cnt_so_educ_infos_LP_dec21_janvier22_p1.pdf
844,"Réforme de l’assurance-chômage, Travailleur·euses de la culture et du spectacle : pas de retrait, pas de reprise !",/reforme-de-lassurance-chomage-travailleur-euses-de-la-culture-et-du-spectacle-pas-de-retrait-pas-de-reprise/,cnt_so_stucs_22_mai_2021,exact,2021/05/cnt_so_stucs_22_mai_2021.pdf,2021/05/cnt_so_stucs_22_mai_2021.pdf
853,TRAVAILLER CHEZ NOZ : UN VRAI CAUCHEMAR !,/travailler-chez-noz-un-vrai-cauchemar/,Tract_CNT-SO_Noz,miroir,2021/05/travailler_chez_noz.pdf,2021/05/travailler_chez_noz.pdf
869,"1er mai, pour l’honneur des travailleur·euses et un monde meilleur, soyons nombreux·euses dans la rue !",/1er-mai-pour-lhonneur-des-travailleur-euses-et-un-monde-meilleur-soyons-nombreux-euses-dans-la-rue/,cnt_so_premier_mai_2021,exact,2021/04/cnt_so_premier_mai_2021.pdf,2021/04/cnt_so_premier_mai_2021.pdf
875,Education : dossier spécial rentrée avril 21,/education-dossier-special-rentree-avril-21/,cnt_so_educ_avril_2021,miroir,2021/04/cnt_so_educ_avril_2021.pdf,2021/04/cnt_so_educ_avril_2021.pdf
885,Vendredi 23 avril : mobilisation nationale anti-précarité,/vendredi-23-avril-mobilisation-nationale-anti-precarite/,cnt_so_23_avril_precarite,miroir,2021/04/cnt_so_23_avril_precarite.pdf,2021/04/cnt_so_23_avril_precarite.pdf
888,Dans les TPE et pour les salarié.e.s du particulier :  une urgence la syndicalisation !,/dans-les-tpe-et-pour-les-salarie-e-s-du-particulier-une-urgence-la-syndicalisation/,communique_tpe_16avr21,miroir,2021/04/communique_tpe_16avr21.pdf,2021/04/communique_tpe_16avr21.pdf
890,COVID-19 : Autotests gratuits pour les intervenant-e-s à domicile,/covid-19-autotests-gratuits-pour-les-intervenant-e-s-a-domicile/,dispensation_gratuite_autotests_pharmacie_pour_professionnels_pa-ph-12-04-2021,miroir,2021/04/covid19-dispensation_gratuite_autotests_pharmacie_pour_professionnels_pa-ph-12-04-2021.pdf,2021/04/covid19-dispensation_gratuite_autotests_pharmacie_pour_professionnels_pa-ph-12-04-2021.pdf
912,Soutien aux occupations des lieux culturels !,/soutien-aux-occupations-des-lieux-culturels/,cnt_so_stucs_soutien_occupations.,exact,2021/03/cnt_so_stucs_soutien_occupations.pdf,2021/03/cnt_so_stucs_soutien_occupations.pdf
925,08 mars : journée internationale de lutte pour les droits des femmes !,/08-mars-journee-internationale-de-lutte-pour-les-droits-des-femmes/,cnt_so_8_mars_2021,miroir,2021/03/cnt_so_8_mars_2021.pdf,2021/03/cnt_so_8_mars_2021.pdf
931,"Elections professionnelles TPE 2021 : c'est nous qui travaillons, c'est nous qui décidons !",/elections-professionnelles-tpe-2021-cest-nous-qui-travaillons-cest-nous-qui-decidons/,cnt_so_tpe_2021_btp_25022021,miroir,2021/02/cnt_so_tpe_2021_btp_25022021.pdf,2021/02/cnt_so_tpe_2021_btp_25022021.pdf
931,"Elections professionnelles TPE 2021 : c'est nous qui travaillons, c'est nous qui décidons !",/elections-professionnelles-tpe-2021-cest-nous-qui-travaillons-cest-nous-qui-decidons/,cnt_so_tpe_2021_restauration,miroir,2021/02/cnt_so_tpe_2021_restauration_25022021.pdf,2021/02/cnt_so_tpe_2021_restauration_25022021.pdf
931,"Elections professionnelles TPE 2021 : c'est nous qui travaillons, c'est nous qui décidons !",/elections-professionnelles-tpe-2021-cest-nous-qui-travaillons-cest-nous-qui-decidons/,cnt_so_tpe_2021_salaries_particulier_employeur,miroir,2021/02/cnt_so_tpe_2021_salaries_particulier_employeur_25022021.pdf,2021/02/cnt_so_tpe_2021_salaries_particulier_employeur_25022021.pdf
931,"Elections professionnelles TPE 2021 : c'est nous qui travaillons, c'est nous qui décidons !",/elections-professionnelles-tpe-2021-cest-nous-qui-travaillons-cest-nous-qui-decidons/,cnt_so_tpe_2021_sante,miroir,2021/02/cnt_so_tpe_2021_sante_25022021.pdf,2021/02/cnt_so_tpe_2021_sante_25022021.pdf
931,"Elections professionnelles TPE 2021 : c'est nous qui travaillons, c'est nous qui décidons !",/elections-professionnelles-tpe-2021-cest-nous-qui-travaillons-cest-nous-qui-decidons/,cnt_so_tpe_2021_assistantes_maternelles,miroir,2021/02/cnt_so_tpe_2021_assistantes_maternelles_25022021.pdf,2021/02/cnt_so_tpe_2021_assistantes_maternelles_25022021.pdf
931,"Elections professionnelles TPE 2021 : c'est nous qui travaillons, c'est nous qui décidons !",/elections-professionnelles-tpe-2021-cest-nous-qui-travaillons-cest-nous-qui-decidons/,cnt_so_culture_spectacle_tpe,miroir,2021/02/cnt_so_culture_spectacle_tpe.pdf,2021/02/cnt_so_culture_spectacle_tpe.pdf
931,"Elections professionnelles TPE 2021 : c'est nous qui travaillons, c'est nous qui décidons !",/elections-professionnelles-tpe-2021-cest-nous-qui-travaillons-cest-nous-qui-decidons/,cnt_so_tpe_2021_commerce_de_details,miroir,2021/02/cnt_so_tpe_2021_commerce_de_details_25022021.pdf,2021/02/cnt_so_tpe_2021_commerce_de_details_25022021.pdf
931,"Elections professionnelles TPE 2021 : c'est nous qui travaillons, c'est nous qui décidons !",/elections-professionnelles-tpe-2021-cest-nous-qui-travaillons-cest-nous-qui-decidons/,cnt_so_tpe_2021_metallurgie_siderurgie,miroir,2021/02/cnt_so_tpe_2021_metallurgie_siderurgie_25022021.pdf,2021/02/cnt_so_tpe_2021_metallurgie_siderurgie_25022021.pdf
940,Election TPE & TPA 2021 : profession de foi de la CNT-SO,/election-tpe-tpa-2021-profession-de-foi-de-la-cnt-so/,cnt_so_tpe_2021,miroir,2021/02/cnt_so_tpe_2021_4_p_11112020_-_merged-1-2.pdf,2021/02/cnt_so_tpe_2021_4_p_11112020_-_merged-1-2.pdf
945,Travailleur·euses du secteur du spectacle et de la culture on s'organise et on revendique !,/travailleur-euses-du-secteur-du-spectacle-et-de-la-culture-on-sorganise-et-on-revendique/,cnt_so_stucs_janvier_2021,exact,2021/02/cnt_so_stucs_janvier_2021.pdf,2021/02/cnt_so_stucs_janvier_2021.pdf
958,"De la maternelle à l'université, l'éducation en grève le 26 janvier !",/de-la-maternelle-a-luniversite-leducation-en-greve-le-26-janvier/,cnt_so_educ_greve_26_01_21,miroir,2021/01/cnt_so_educ_greve_26_01_21.pdf,2021/01/cnt_so_educ_greve_26_01_21.pdf
964,"Nettoyage dans les hôtels : le paiement à la chambre, c’est non !",/nettoyage-dans-les-hotels-le-paiement-a-la-chambre-cest-non/,fiche_travail_chambre,miroir,2021/01/fiche_travail_chambre.pdf,2021/01/fiche_travail_chambre.pdf
969,"MICHELIN, ENCORE UN PLAN SOCIAL COVIDO-BOURSIER !",/michelin-encore-un-plan-social-covido-boursier/,michelin-_encore_un_plan_social_covido-boursier_03_63-1.pdf,miroir,2021/01/michelin-_encore_un_plan_social_covido-boursier_03_63-1.pdf,2021/01/michelin-_encore_un_plan_social_covido-boursier_03_63-1.pdf
977,Novotel Marseille Prado : signature d'un protocole d'accord après un mois de grève,/novotel-marseille-prado-signature-dun-protocole-daccord-apres-un-mois-de-greve/,com_novotel_30nov20,miroir,2020/12/com_novotel_30nov20.pdf,2020/12/com_novotel_30nov20.pdf
977,Novotel Marseille Prado : signature d'un protocole d'accord après un mois de grève,/novotel-marseille-prado-signature-dun-protocole-daccord-apres-un-mois-de-greve/,com_novotel_27nov20,miroir,2020/12/com_novotel_27nov20.pdf,2020/12/com_novotel_27nov20.pdf
977,Novotel Marseille Prado : signature d'un protocole d'accord après un mois de grève,/novotel-marseille-prado-signature-dun-protocole-daccord-apres-un-mois-de-greve/,Comnovotel_18nov20,miroir,2020/12/comnovotel_17nov20.pdf,2020/12/comnovotel_17nov20.pdf
979,Mobilisons-nous pour défendre l'éducation pioritaire !,/mobilisons-nous-pour-defendre-leducation-pioritaire/,cnt_so_educ_prioritaire_decembre2020,miroir,2020/12/cnt_so_educ_prioritaire_decembre2020-1.pdf,2020/12/cnt_so_educ_prioritaire_decembre2020-1.pdf
988,"Éducation : appel à une grève des personnels ""vie scolaire"" mardi 01er décembre",/education-appel-a-une-greve-des-personnels-vie-scolaire-mardi-01er-decembre/,com_greve_vie_scolaire-01dec20,miroir,2020/11/com_greve_vie_scolaire-1.pdf,2020/11/com_greve_vie_scolaire-1.pdf
989,Hôpital Pitié-Salpêtrière (Paris) : grève des agents de nettoyage,/hopital-pitie-salpetriere-paris-greve-des-agents-de-nettoyage-2/,tract_challancin,miroir,2020/11/tract_challancin.pdf,2020/11/tract_challancin.pdf
995,Election TPE & TPA 2021 : avec la CNT-SO pour l'alternative syndicale !,/election-tpe-tpa-2021-avec-la-cnt-so-pour-lalternative-syndicale/,cnt_so_tpe_2021_btp,miroir,2020/11/cnt_so_tpe_2021_btp_25022021-2.pdf,2020/11/cnt_so_tpe_2021_btp_25022021-2.pdf
995,Election TPE & TPA 2021 : avec la CNT-SO pour l'alternative syndicale !,/election-tpe-tpa-2021-avec-la-cnt-so-pour-lalternative-syndicale/,cnt_so_tpe_2021_restauration,miroir,2020/11/cnt_so_tpe_2021_restauration_10112020_-_merged.pdf,2020/11/cnt_so_tpe_2021_restauration_10112020_-_merged.pdf
995,Election TPE & TPA 2021 : avec la CNT-SO pour l'alternative syndicale !,/election-tpe-tpa-2021-avec-la-cnt-so-pour-lalternative-syndicale/,cnt_so_tpe_2021_salaries_particulier_employeur,miroir,2020/11/cnt_so_tpe_2021_salaries_particulier_employeur_10112020_-_merged-1.pdf,2020/11/cnt_so_tpe_2021_salaries_particulier_employeur_10112020_-_merged-1.pdf
995,Election TPE & TPA 2021 : avec la CNT-SO pour l'alternative syndicale !,/election-tpe-tpa-2021-avec-la-cnt-so-pour-lalternative-syndicale/,cnt_so_tpe_2021_sante,miroir,2020/11/cnt_so_tpe_2021_sante_10112020_-_merged-1.pdf,2020/11/cnt_so_tpe_2021_sante_10112020_-_merged-1.pdf
995,Election TPE & TPA 2021 : avec la CNT-SO pour l'alternative syndicale !,/election-tpe-tpa-2021-avec-la-cnt-so-pour-lalternative-syndicale/,cnt_so_tpe_2021_assistantes_maternelles,miroir,2020/11/cnt_so_tpe_2021_assistantes_maternelles_10112020_-_merged-1.pdf,2020/11/cnt_so_tpe_2021_assistantes_maternelles_10112020_-_merged-1.pdf
995,Election TPE & TPA 2021 : avec la CNT-SO pour l'alternative syndicale !,/election-tpe-tpa-2021-avec-la-cnt-so-pour-lalternative-syndicale/,cnt_so_tpe_2021_culture_spectacle,miroir,2020/11/cnt_so_tpe_2021_culture_spectacle_10112020_-_merged-1.pdf,2020/11/cnt_so_tpe_2021_culture_spectacle_10112020_-_merged-1.pdf
995,Election TPE & TPA 2021 : avec la CNT-SO pour l'alternative syndicale !,/election-tpe-tpa-2021-avec-la-cnt-so-pour-lalternative-syndicale/,cnt_so_tpe_2021_commerce_de_details_,miroir,2020/11/cnt_so_tpe_2021_commerce_de_details_10112020_-_merged.pdf,2020/11/cnt_so_tpe_2021_commerce_de_details_10112020_-_merged.pdf
995,Election TPE & TPA 2021 : avec la CNT-SO pour l'alternative syndicale !,/election-tpe-tpa-2021-avec-la-cnt-so-pour-lalternative-syndicale/,cnt_so_tpe_2021_metallurgie_siderurgie,miroir,2020/11/cnt_so_tpe_2021_metallurgie_siderurgie_10112020_-_merged.pdf,2020/11/cnt_so_tpe_2021_metallurgie_siderurgie_10112020_-_merged.pdf
998,Rentrée catastrophique  : trop c’est trop !  Pour notre santé et celle du service public d’Éducation : dégageons Blanquer !,/rentree-catastrophique-trop-cest-trop-pour-notre-sante-et-celle-du-service-public-deducation-degageons-blanquer/,cnt_so_educ_greve_10_11_20.,miroir,2020/11/cnt_so_educ_greve_10_11_20.pdf,2020/11/cnt_so_educ_greve_10_11_20.pdf
999,Le combat pour la santé et les intérêts des travailleur·euse·s continue !,/le-combat-pour-la-sante-et-les-interets-des-travailleur-euse-s-continue/,cnt_so_combat_sante_travailleurs_nov_20-,exact,sites/2/2020/11/cnt_so_combat_sante_travailleurs_nov_20.pdf,sites/2/2020/11/cnt_so_combat_sante_travailleurs_nov_20.pdf
1002,ONET condamné pour entrave au droit de grève sur le site SAFEN AEROLOG de Roissy,/onet-condamne-pour-entrave-au-droit-de-greve-sur-le-site-safen-aerolog-de-roissy/,communique_onet_04nov20,miroir,2020/11/communique_onet_04nov20.pdf,2020/11/communique_onet_04nov20.pdf
1002,ONET condamné pour entrave au droit de grève sur le site SAFEN AEROLOG de Roissy,/onet-condamne-pour-entrave-au-droit-de-greve-sur-le-site-safen-aerolog-de-roissy/,tract_safen_14102020,miroir,2020/11/tract_safen_14102020.pdf,2020/11/tract_safen_14102020.pdf
1002,ONET condamné pour entrave au droit de grève sur le site SAFEN AEROLOG de Roissy,/onet-condamne-pour-entrave-au-droit-de-greve-sur-le-site-safen-aerolog-de-roissy/,lettre_ouverte_cgt_safen_aerolog,miroir,2020/11/lettre_ouverte_cgt_safen_aerolog-1.pdf,2020/11/lettre_ouverte_cgt_safen_aerolog-1.pdf
1005,Confinement Coronavirus : traduction des attestations dérogatoires de circulation et scolaire,/confinement-coronavirus-traduction-des-attestations-derogatoires-de-circulation-et-scolaire/,attestation_de_rogatoire_traduction_arabe.pdf,miroir,2020/11/attestation_de_rogatoire_traduction_arabe.pdf,2020/11/attestation_de_rogatoire_traduction_arabe.pdf
1005,Confinement Coronavirus : traduction des attestations dérogatoires de circulation et scolaire,/confinement-coronavirus-traduction-des-attestations-derogatoires-de-circulation-et-scolaire/,30-10-2020-attestation-de-deplacement-derogatoire_allemand-1.pdf,miroir,2020/11/30-10-2020-attestation-de-deplacement-derogatoire_allemand-1.pdf,2020/11/30-10-2020-attestation-de-deplacement-derogatoire_allemand-1.pdf
1005,Confinement Coronavirus : traduction des attestations dérogatoires de circulation et scolaire,/confinement-coronavirus-traduction-des-attestations-derogatoires-de-circulation-et-scolaire/,30-10-2020-attestation-de-deplacement-derogatoire_russe.pdf,miroir,2020/11/30-10-2020-attestation-de-deplacement-derogatoire_russe.pdf,2020/11/30-10-2020-attestation-de-deplacement-derogatoire_russe.pdf
1005,Confinement Coronavirus : traduction des attestations dérogatoires de circulation et scolaire,/confinement-coronavirus-traduction-des-attestations-derogatoires-de-circulation-et-scolaire/,attestation_deplacement_hongrois-2.pdf,miroir,2020/11/attestation_deplacement_hongrois-2.pdf,2020/11/attestation_deplacement_hongrois-2.pdf
1005,Confinement Coronavirus : traduction des attestations dérogatoires de circulation et scolaire,/confinement-coronavirus-traduction-des-attestations-derogatoires-de-circulation-et-scolaire/,edit-30-10-2020-justificatif-de-deplacement-scolaire_anglais_octobre.pdf,miroir,2020/11/edit-30-10-2020-justificatif-de-deplacement-scolaire_anglais_octobre.pdf,2020/11/edit-30-10-2020-justificatif-de-deplacement-scolaire_anglais_octobre.pdf
1005,Confinement Coronavirus : traduction des attestations dérogatoires de circulation et scolaire,/confinement-coronavirus-traduction-des-attestations-derogatoires-de-circulation-et-scolaire/,justificatif_de_deplacement_scolaire_espagnol-1.pdf,miroir,2020/11/justificatif_de_deplacement_scolaire_espagnol-1.pdf,2020/11/justificatif_de_deplacement_scolaire_espagnol-1.pdf
1005,Confinement Coronavirus : traduction des attestations dérogatoires de circulation et scolaire,/confinement-coronavirus-traduction-des-attestations-derogatoires-de-circulation-et-scolaire/,30-10-2020-justificatif-de-deplacement-scolaire_allemand.pdf,miroir,2020/11/30-10-2020-justificatif-de-deplacement-scolaire_allemand.pdf,2020/11/30-10-2020-justificatif-de-deplacement-scolaire_allemand.pdf
1005,Confinement Coronavirus : traduction des attestations dérogatoires de circulation et scolaire,/confinement-coronavirus-traduction-des-attestations-derogatoires-de-circulation-et-scolaire/,30-10-2020-justificatif-de-deplacement-scolaire_russe.pdf,miroir,2020/11/30-10-2020-justificatif-de-deplacement-scolaire_russe.pdf,2020/11/30-10-2020-justificatif-de-deplacement-scolaire_russe.pdf
1005,Confinement Coronavirus : traduction des attestations dérogatoires de circulation et scolaire,/confinement-coronavirus-traduction-des-attestations-derogatoires-de-circulation-et-scolaire/,attestation_deplacement_scolaire_hongrois.pdf,miroir,2020/11/attestation_deplacement_scolaire_hongrois.pdf,2020/11/attestation_deplacement_scolaire_hongrois.pdf
1007,Education :  J.M Blanquer vous souhaite une choyeuse rentrée !,/education-j-m-blanquer-vous-souhaite-une-choyeuse-rentree/,cnt_so_educ_choyeuse_rentree,miroir,2020/10/cnt_so_educ_choyeuse_rentree.pdf,2020/10/cnt_so_educ_choyeuse_rentree.pdf
1010,"L'épidémie flambe, élèves et personnels doivent être protégés !",/lepidemie-flambe-eleves-et-personnels-doivent-etre-proteges/,cnt_so_educ_30_10_20,miroir,2020/10/cnt_so_educ_30_10_20.pdf,2020/10/cnt_so_educ_30_10_20.pdf
1017,"Sous-traitance : COVID19 ou pas,  on ne touche pas à nos droits !",/sous-traitance-covid19-ou-pas-on-ne-touche-pas-a-nos-droits/,com_stn_oct20,miroir,2020/10/com_stn_oct20.pdf,2020/10/com_stn_oct20.pdf
1019,"Budget 2021, en période d’épidémie : l’austérité !",/budget-2021-en-periode-depidemie-lausterite/,cnt_so_educ_com_budget2021,miroir,2020/10/cnt_so_educ_com_budget2021-1-1.pdf,2020/10/cnt_so_educ_com_budget2021-1-1.pdf
1025,Coronavirus : exercer son droit d'alerte et de retrait dans l’Éducation,/coronavirus-exercer-son-droit-dalerte-et-de-retrait-dans-leducation/,fiche_alerte_retrait_education_maj_septembre_20,miroir,2020/09/fiche_alerte_retrait_education_maj_septembre_20-1.pdf,2020/09/fiche_alerte_retrait_education_maj_septembre_20-1.pdf
1029,COVID-19 : les salarié.e.s en isolement ou en garde d'enfant,/covid-19-les-salarie-e-s-en-isolement-ou-en-garde-denfant/,cnt_so_fiche_arret_travail_isolement_garde_enfants,miroir,2020/09/cnt_so_fiche_arret_travail_isolement_garde_enfants_09_20-1.pdf,2020/09/cnt_so_fiche_arret_travail_isolement_garde_enfants_09_20-1.pdf
1031,COVID-19 : les obligations à charge des employeurs,/covid-19-les-obligations-a-charge-des-employeurs/,fiche_obligations_employeurs_septembre,miroir,2020/09/cnt_so_fiche_obligations_employeurs_septembre_2020-1.pdf,2020/09/cnt_so_fiche_obligations_employeurs_septembre_2020-1.pdf
1032,COVID-19 : exercice du droit de retrait (secteur privé),/covid-19-exercice-du-droit-de-retrait-secteur-prive/,fiche_droit_retrait_septembre_2020,miroir,2020/09/cnt_so_fiche_droit_retrait_septembre_2020.pdf,2020/09/cnt_so_fiche_droit_retrait_septembre_2020.pdf
1070,Communiqué confédéral du 15/05/20,/communique-confederal-du-15-05-20/,cnt_so_communique_confederal_15_mai,miroir,2020/05/cnt_so_communique_confederal_15_mai_2020.pdf,2020/05/cnt_so_communique_confederal_15_mai_2020.pdf
1072,Coronavirus : exercer son droit de retrait dans l'Education,/coronavirus-exercer-son-droit-de-retrait-dans-leducation/,cnt_so_educ_se_defendre_covid19,miroir,2020/05/cnt_so_educ_se_defendre_covid19.pdf,2020/05/cnt_so_educ_se_defendre_covid19.pdf
1084,Activité partielle : le cas des personnes vulnérables et leurs proches (secteur privé),/activite-partielle-le-cas-des-personnes-vulnerables-et-leurs-proches-secteur-prive/,cnt_so_fiche_activite_partielle_maj_04_05_2020,miroir,2020/05/cnt_so_fiche_activite_partielle_maj_04_05_2020.pdf,2020/05/cnt_so_fiche_activite_partielle_maj_04_05_2020.pdf
1086,ACTIVITÉ PARTIELLE – DISPOSITIF POUR LE COVID 2019,/activite-partielle-dispositif-pour-le-covid-2019/,cnt_so_fiche_activite_partielle_maj_04_05_2020,miroir,2020/05/cnt_so_fiche_activite_partielle_maj_04_05_2020.pdf,2020/05/cnt_so_fiche_activite_partielle_maj_04_05_2020.pdf
1089,Communiqué de la fédération Education & Recherche CNT-SO sur la réouverture des établissements,/communique-de-la-federation-education-recherche-cnt-so-sur-la-reouverture-des-etablissements/,cnt_so_educ_com_04_05_2020,miroir,2020/04/cnt_so_educ_com_04_05_2020.pdf,2020/04/cnt_so_educ_com_04_05_2020.pdf
1092,"COVID-19 : Chômeurs.euses, CDD, Intérimaires, intermittent.e.s ...",/covid-19-chomeurs-euses-cdd-interimaires-intermittent-e-s/,cnt_so_fiche_chomeurs_cdd_maJ,miroir,2020/04/cnt_so_fiche_chomeurs_cdd_maj.pdf,2020/04/cnt_so_fiche_chomeurs_cdd_maj.pdf
1097,Ouverture des établissements scolaires : on ne joue pas avec la santé des personnels et des élèves !,/ouverture-des-etablissements-scolaires-on-ne-joue-pas-avec-la-sante-des-personnels-et-des-eleves/,cnt_so_educ_14_avril_2020.pdf,miroir,2020/04/cnt_so_educ_14_avril_2020.pdf,2020/04/cnt_so_educ_14_avril_2020.pdf
1101,"COVID-19 : pour les sans-papiers, la triple peine",/covid-19-pour-les-sans-papiers-la-triple-peine/,cnt_so_sans_papiers_8_avril_2020,miroir,2020/04/cnt_so_sans_papiers_8_avril_2020.pdf,2020/04/cnt_so_sans_papiers_8_avril_2020.pdf
1102,Covid19 et activité syndicale : quelle action pour les représentant·e·s du personnel ?,/covid19-et-activite-syndicale-quelle-action-pour-les-representant-e-s-du-personnel/,Cnt_so_fiche_activite_syndicale,exact,2020/04/cnt_so_fiche_activite_syndicale.pdf,2020/04/cnt_so_fiche_activite_syndicale.pdf
1103,"Dans le nettoyage, bosse et tais-toi ?!? Avec la CNT-SO, on revendique !",/dans-le-nettoyage-bosse-et-tais-toi-avec-la-cnt-so-on-revendique/,cnt_so_nettoyage_tais_toi_bosse_avril_2020,miroir,2020/04/cnt_so_nettoyage_tais_toi_bosse_avril_2020.pdf,2020/04/cnt_so_nettoyage_tais_toi_bosse_avril_2020.pdf
1110,Coronavirus  : le combat pour la santé et la défense des intérêts des travailleurs.euses continue  !,/coronavirus-le-combat-pour-la-sante-et-la-defense-des-interets-des-travailleurs-euses-continue-2/,cnt_so_combat_travailleurs_euses_24_03_20,miroir,2020/03/cnt_so_combat_travailleurs_euses_24_03_20-2.pdf,2020/03/cnt_so_combat_travailleurs_euses_24_03_20-2.pdf
1115,Confinement Coronavirus : attestation de circulation et justificatif de déplacement professionnel (traduction en langues étrangères),/confinement-coronavirus-attestation-de-circulation-et-justificatif-de-deplacement-professionnel-traduction-en-langues-etrangeres/,attestation_de_sortie_espagnol-v2,miroir,2020/03/attestation_de_sortie_espagnol-v2.pdf,2020/03/attestation_de_sortie_espagnol-v2.pdf
1115,Confinement Coronavirus : attestation de circulation et justificatif de déplacement professionnel (traduction en langues étrangères),/confinement-coronavirus-attestation-de-circulation-et-justificatif-de-deplacement-professionnel-traduction-en-langues-etrangeres/,attestation_de_sortie_russe-v2,miroir,2020/03/attestation_de_sortie_russe-v2.pdf,2020/03/attestation_de_sortie_russe-v2.pdf
1115,Confinement Coronavirus : attestation de circulation et justificatif de déplacement professionnel (traduction en langues étrangères),/confinement-coronavirus-attestation-de-circulation-et-justificatif-de-deplacement-professionnel-traduction-en-langues-etrangeres/,attestation_deplacement_turque_v2,miroir,2020/03/attestation_deplacement_turque_v2.pdf,2020/03/attestation_deplacement_turque_v2.pdf
1115,Confinement Coronavirus : attestation de circulation et justificatif de déplacement professionnel (traduction en langues étrangères),/confinement-coronavirus-attestation-de-circulation-et-justificatif-de-deplacement-professionnel-traduction-en-langues-etrangeres/,attestation_deplacement_hongrois_v2,miroir,2020/03/attestation_deplacement_hongrois_v2.pdf,2020/03/attestation_deplacement_hongrois_v2.pdf
1115,Confinement Coronavirus : attestation de circulation et justificatif de déplacement professionnel (traduction en langues étrangères),/confinement-coronavirus-attestation-de-circulation-et-justificatif-de-deplacement-professionnel-traduction-en-langues-etrangeres/,attestation_deplacement_italien_v2,miroir,2020/03/attestation_deplacement_italien_v2.pdf,2020/03/attestation_deplacement_italien_v2.pdf
1115,Confinement Coronavirus : attestation de circulation et justificatif de déplacement professionnel (traduction en langues étrangères),/confinement-coronavirus-attestation-de-circulation-et-justificatif-de-deplacement-professionnel-traduction-en-langues-etrangeres/,malgache_attestation_de_deplacement_derogatoire_v2,miroir,2020/03/malgache_attestation_de_deplacement_derogatoire_v2.pdf,2020/03/malgache_attestation_de_deplacement_derogatoire_v2.pdf
1115,Confinement Coronavirus : attestation de circulation et justificatif de déplacement professionnel (traduction en langues étrangères),/confinement-coronavirus-attestation-de-circulation-et-justificatif-de-deplacement-professionnel-traduction-en-langues-etrangeres/,albanais_attestation_de_deplacement_derogatoire_-_france_V2,miroir,2020/03/albanais_attestation_de_deplacement_derogatoire_-_france.pdf,2020/03/albanais_attestation_de_deplacement_derogatoire_-_france.pdf
1115,Confinement Coronavirus : attestation de circulation et justificatif de déplacement professionnel (traduction en langues étrangères),/confinement-coronavirus-attestation-de-circulation-et-justificatif-de-deplacement-professionnel-traduction-en-langues-etrangeres/,Attestation_deplacement_tamoul,miroir,2020/03/attestation_tamoule-converti.pdf,2020/03/attestation_tamoule-converti.pdf
1115,Confinement Coronavirus : attestation de circulation et justificatif de déplacement professionnel (traduction en langues étrangères),/confinement-coronavirus-attestation-de-circulation-et-justificatif-de-deplacement-professionnel-traduction-en-langues-etrangeres/,attestation_de_placements_grec,miroir,2020/03/attestation_de_placements_grec.pdf,2020/03/attestation_de_placements_grec.pdf
1121,Coronavirus : procédure d'arrêt de travail simplifiée en ligne pour les personnes à risque,/coronavirus-procedure-darret-de-travail-simplifiee-en-ligne-pour-les-personnes-a-risque/,cnt_so_fiche_arret_personnes_risque,miroir,2020/03/cnt_so_fiche_arret_personnes_risque.pdf,2020/03/cnt_so_fiche_arret_personnes_risque.pdf
1131,Restauration : en 2020 on s'organise !,/restauration-en-2020-on-sorganise/,cnt_so_restauration_2020,miroir,2020/03/cnt_so_restauration_2020-2.pdf,2020/03/cnt_so_restauration_2020-2.pdf
1147,Les retraites Macron c'est toujours NON !,/les-retraites-macron-cest-toujours-non/,cnt_so_retraites_21_janvier_2020,miroir,2020/01/cnt_so_retraites_21_janvier_2020.pdf,2020/01/cnt_so_retraites_21_janvier_2020.pdf
1149,Education : les E3C ça sera sans nous !,/education-les-e3c-ca-sera-sans-nous/,cnt_so_e3c,miroir,2020/01/cnt_so_e3c_janvier_2020-3.pdf,2020/01/cnt_so_e3c_janvier_2020-3.pdf
1152,"Avec ou sans âge pivot, la retraite à points on n'en veux pas : retrait du projet Macron/philippe !",/avec-ou-sans-age-pivot-la-retraite-a-points-on-nen-veux-pas-retrait-du-projet-macron-philippe/,cnt_so_retraites_14_janvier_2020,miroir,2020/01/cnt_so_retraites_14_janvier_2020.pdf,2020/01/cnt_so_retraites_14_janvier_2020.pdf
1157,Retraites Macron... un seul mot d'ordre : RETRAIT !,/retraites-macron-un-seul-mot-dordre-retrait/,cnt_so_retraites_janvier_2020,miroir,2020/01/cnt_so_retraites_janvier_2020.pdf,2020/01/cnt_so_retraites_janvier_2020.pdf
1161,Retraites Macron : encore et toujours non !,/retraites-macron-encore-et-toujours-non/,cnt_so_retraites_18_dec_2019,miroir,2019/12/cnt_so_retraites_18_dec_2019.pdf,2019/12/cnt_so_retraites_18_dec_2019.pdf
1163,"Pour la défense de l'hôpital public et les retraites : ""opération coup de poing"" à la Salpétrière",/pour-la-defense-de-lhopital-public-et-les-retraites-operation-coup-de-poing-a-la-salpetriere/,video_operation_coup_de_pong.mp4,miroir,2019/12/video_operation_coup_de_pong.mp4,2019/12/video_operation_coup_de_pong.mp4
1163,"Pour la défense de l'hôpital public et les retraites : ""opération coup de poing"" à la Salpétrière",/pour-la-defense-de-lhopital-public-et-les-retraites-operation-coup-de-poing-a-la-salpetriere/,intervention_en_direct_sur_bfm_cet_apres-midi_avec_l_intersyndical_de_la_piti.-2419150931635015.mp4,miroir,2019/12/intervention_en_direct_sur_bfm_cet_apres-midi_avec_l_intersyndical_de_la_piti.-2419150931635015.mp4,2019/12/intervention_en_direct_sur_bfm_cet_apres-midi_avec_l_intersyndical_de_la_piti.-2419150931635015.mp4
1180,Suspension de la grève au NH Collection Marseille,/suspension-de-la-greve-au-nh-collection-marseille/,communique-nhcollection_23sept,miroir,2019/09/communique-nhcollection_23sept.pdf,2019/09/communique-nhcollection_23sept.pdf
1185,"Rentrée des classes, rentrée... sociale ! Travailleurs.euses de l'éducation, syndiquez-vous !",/rentree-des-classes-rentree-sociale-travailleurs-euses-de-leducation-syndiquez-vous/,cnt_so_educ_rentree_2019_2020,miroir,2019/08/cnt_so_educ_rentree_2019_2020_vfinale.pdf,2019/08/cnt_so_educ_rentree_2019_2020_vfinale.pdf
1187,Plus de 5 mois de grève au NH Collection Marseille : continuons la solidarité active et financière !,/plus-de-5-mois-de-greve-au-nh-collection-marseille-continuons-la-solidarite-active-et-financiere/,caisse_de_greve_nh-3.pdf,miroir,2019/08/caisse_de_greve_nh-3.pdf,2019/08/caisse_de_greve_nh-3.pdf
1190,Marlene Schiappa : les femmes de chambre et les travailleurs-euses de la propreté n’ont pas besoin de blabla mais d’avancées pour leurs droits !,/marlene-schiappa-les-femmes-de-chambre-et-les-travailleurs-euses-de-la-proprete-nont-pas-besoin-de-blabla-mais-davancees-pour-leurs-droits/,communique_schiappa_24juin19,miroir,2019/06/communique_schiappa_24juin19.pdf,2019/06/communique_schiappa_24juin19.pdf
1194,Grève au NH Collection Marseille : pétition/lettre ouverte au Préfet 13 et de région.,/greve-au-nh-collection-marseille-petition-lettre-ouverte-au-prefet-13-et-de-region/,petition_lettre_au_prefet_juin_2019,miroir,2019/06/petition_lettre_au_prefet_juin_2019-2.pdf,2019/06/petition_lettre_au_prefet_juin_2019-2.pdf
1198,NH Collection Marseille : nous ne voulons pas d'une médiation bidon mais un vraie négociation !,/nh-collection-marseille-nous-ne-voulons-pas-dune-mediation-bidon-mais-un-vraie-negociation/,communique_nh_04juin19-2,miroir,2019/06/communique_nh_04juin19-2.pdf,2019/06/communique_nh_04juin19-2.pdf
1199,NH Collection Marsella : las camareras de piso en huelga desde el 11 de abril ! NH hostal ¡ Qué vergüenza !,/nh-collection-marsella-las-camareras-de-piso-en-huelga-desde-el-11-de-abril-nh-hostal-que-verguenza/,NH_hotel.castellano,miroir,2019/06/trad_tract_nh_hotel.castillan.pdf,2019/06/trad_tract_nh_hotel.castillan.pdf
1205,Violences policières et expulsions illégales du piquet de grève au NH Collection Marseille : que protège la police ?,/violences-policieres-et-expulsions-illegales-du-piquet-de-greve-au-nh-collection-marseille-que-protege-la-police/,communique-nhcollection_27mai,miroir,2019/05/communique-nhcollection_27mai-1.pdf,2019/05/communique-nhcollection_27mai-1.pdf
1206,Des postiers sans-papiers  : pourquoi  ? Tract unitaire 94,/des-postiers-sans-papiers-pourquoi-tract-unitaire-94/,Tract_sans_papiers_94,miroir,2019/05/tract_sans_paps_94.pdf,2019/05/tract_sans_paps_94.pdf
1208,La discrimination anti-syndicale mise en échec chez LASER Propreté !,/la-discrimination-anti-syndicale-mise-en-echec-chez-laser-proprete/,jugement_laser,miroir,2019/05/jugement_laser.pdf,2019/05/jugement_laser.pdf
1213,Droits et respect pour les nettoyeurs et nettoyeuses  de la Banque de France !,/droits-et-respect-pour-les-nettoyeurs-et-nettoyeuses-de-la-banque-de-france/,tract_onet_bdf,miroir,2019/05/tract_onet_bdf_mef.pdf,2019/05/tract_onet_bdf_mef.pdf
1216,"Contre la loi Fonction publique, tous et toutes en grève le 9 mai 2019 !",/contre-la-loi-fonction-publique-tous-et-toutes-en-greve-le-9-mai-2019/,cnt_so_loi_fonction_publique,miroir,2019/05/cnt_so_loi_fonction_publique.pdf,2019/05/cnt_so_loi_fonction_publique.pdf
1220,"Grève à l'hôtel NH Collection Marseille,  ELIOR tente la répression judiciaire...",/greve-a-lhotel-nh-collection-marseille-elior-tente-la-repression-judiciaire/,communique_nhcollection_23avr19,miroir,2019/04/communique_nhcollection_23avr19.pdf,2019/04/communique_nhcollection_23avr19.pdf
1227,"Education : après le succès de la grève du 19 mars, on continue de faire monter la mobilisation !",/education-apres-le-succes-de-la-greve-du-19-mars-on-continue-de-faire-monter-la-mobilisation/,cnt_so_educ_mars_avril_2019,miroir,2019/03/cnt_so_educ_mars_avril_2019-1.pdf,2019/03/cnt_so_educ_mars_avril_2019-1.pdf
1229,La crèche de l’œuf à la Busserine (Marseille 15°) est toujours menacée !,/la-creche-de-loeuf-a-la-busserine-marseille-15-est-toujours-menacee/,Communique_busserine_mars19,miroir,2019/03/communique_busserine_mars19.pdf,2019/03/communique_busserine_mars19.pdf
1235,[19 mars] Contre la casse de l'école publique et de nos conditions de travail : tous et toutes en grève !,/19-mars-contre-la-casse-de-lecole-publique-et-de-nos-conditions-de-travail-tous-et-toutes-en-greve/,cnt_so_educ_greve_19_03_19,miroir,2019/03/cnt_so_educ_greve_19_03_19.pdf,2019/03/cnt_so_educ_greve_19_03_19.pdf
1261,"Sous-traitance hôtelière, la lutte a encore payé !",/sous-traitance-hoteliere-la-lutte-a-encore-paye/,communique_telsia_19dec18,miroir,2018/12/communique_telsia_19dec18.pdf,2018/12/communique_telsia_19dec18.pdf
1264,"Sous-traitance hôtelière,  la colère continue de monter !",/sous-traitance-hoteliere-la-colere-continue-de-monter/,communique_telsia_13dec18,miroir,2018/12/communique_telsia_13dec18.pdf,2018/12/communique_telsia_13dec18.pdf
1269,Education : les personnels dans l'action au côté des lycéen-ne-s !,/education-les-personnels-dans-laction-au-cote-des-lyceen-ne-s/,cnt_so_educ_decembre_2018,miroir,2018/12/cnt_so_educ_decembre_2018-1.pdf,2018/12/cnt_so_educ_decembre_2018-1.pdf
1290,"Violences patronales, répression anti-syndicale :  ça se passe comme ça chez Mac Donald’s !",/violences-patronales-repression-anti-syndicale-ca-se-passe-comme-ca-chez-mac-donalds/,communique_macdo,miroir,2018/10/communique_macdo_05oct18.pdf,2018/10/communique_macdo_05oct18.pdf
1294,Lycées professionnels : tous et toutes en grève le 27/09 !,/lycees-professionnels-tous-et-toutes-en-greve-le-27-09/,cnt_so_greve_lp_27_09_18,miroir,2018/09/cnt_so_greve_lp_27_09_18.pdf,2018/09/cnt_so_greve_lp_27_09_18.pdf
1299,"Dans les services à la personne, en 2019, on s'organise !",/dans-les-services-a-la-personne-en-2019-on-sorganise/,CNT_SO_SAP_2019,miroir,2018/08/cnt_so_sap_2019-2.pdf,2018/08/cnt_so_sap_2019-2.pdf
1300,"Nettoyage : Stop au mépris et à l’exploitation ! En 2018, on s'organise avec la CNT-SO !",/nettoyage-stop-au-mepris-et-a-lexploitation-en-2018-on-sorganise-avec-la-cnt-so/,cnt_so_nettoyage_2018,miroir,2018/08/cnt_so_nettoyage_2018-2.pdf,2018/08/cnt_so_nettoyage_2018-2.pdf
1301,"Restauration : en 2018, on s'organise avec la CNT-SO !",/restauration-en-2018-on-sorganise-avec-la-cnt-so/,cnt_so_restauration_2018,miroir,2018/08/cnt_so_restauration_2018_conf.pdf,2018/08/cnt_so_restauration_2018_conf.pdf
1311,Maintien des activités pour la « crèche de l’œuf » à la Busserine ( Marseille 14°) !,/maintien-des-activites-pour-la-creche-de-loeuf-a-la-busserine-marseille-14/,vid_20180709_174831.mp4,miroir,2018/07/vid_20180709_174831.mp4,2018/07/vid_20180709_174831.mp4
1327,"22 mai 2018, tous et toutes en lutte pour défendre les services publics ! Le rapport de force, c'est maintenant !",/22-mai-2018-tous-et-toutes-en-lutte-pour-defendre-les-services-publics-le-rapport-de-force-cest-maintenant/,tract_22mai18,miroir,2018/05/tract_22mai18.pdf,2018/05/tract_22mai18.pdf
1330,"Le 1er mai, remettons l’imagination au pouvoir ! Tous et toutes dans la rue !",/le-1er-mai-remettons-limagination-au-pouvoir-tous-et-toutes-dans-la-rue/,cnt_so_1er_mai_2018,miroir,2018/04/cnt_so_1er_mai_2018.pdf,2018/04/cnt_so_1er_mai_2018.pdf
1340,Public – Privé : le rapport de force c'est maintenant !,/public-prive-le-rapport-de-force-cest-maintenant/,cnt_so_public_prive_avril2018,miroir,2018/04/cnt_so_public_prive_avril2018.pdf,2018/04/cnt_so_public_prive_avril2018.pdf
1342,Scolarité obligatoire dès 3 ans : beaucoup de bruit pour rien… et pas de moyens annoncés !,/scolarite-obligatoire-des-3-ans-beaucoup-de-bruit-pour-rien-et-pas-de-moyens-annonces/,cnt_so_com_assises_maternelle,miroir,2018/04/cnt_so_com_assises_maternelle_04_18.pdf,2018/04/cnt_so_com_assises_maternelle_04_18.pdf
1359,LARGE VICTOIRE DES GRÉVISTES HEMERA - HOLIDAY INN,/large-victoire-des-grevistes-hemera-holiday-inn/,communique_holidayinn_09fev18,miroir,2018/02/communique_holidayinn_09fev18.pdf,2018/02/communique_holidayinn_09fev18.pdf
1359,LARGE VICTOIRE DES GRÉVISTES HEMERA - HOLIDAY INN,/large-victoire-des-grevistes-hemera-holiday-inn/,amplia_victoria_ok_de_los_huelguistas_en_hemera,miroir,2018/02/amplia_victoria_ok_de_los_huelguistas_en_hemera.pdf,2018/02/amplia_victoria_ok_de_los_huelguistas_en_hemera.pdf
1360,Conflit Holiday Inn Clichy : nouveau blocage des négociations !,/conflit-holiday-inn-clichy-nouveau-blocage-des-negociations/,communique_de_presse_holidayinn_7_fevrier_2018,miroir,2018/02/communique_de_presse_holidayinn_7_fevrier_2018.pdf,2018/02/communique_de_presse_holidayinn_7_fevrier_2018.pdf
1362,L'école Macron/Blanquer ne sera jamais la notre : en grève le 06/02/18 !,/lecole-macron-blanquer-ne-sera-jamais-la-notre-en-greve-le-06-02-18/,cnt_so_reforme_lycee_greve_06,miroir,2018/02/cnt_so_reforme_lycee_greve_06_02_18.pdf,2018/02/cnt_so_reforme_lycee_greve_06_02_18.pdf
1365,Sous-traitance = Maltraitance ! Grève au Formule 1 porte Montmartre (Paris 18°),/sous-traitance-maltraitance-greve-au-formule-1-porte-montmartre-paris-18/,ormule_1_tract_31012018,miroir,2018/02/formule_1_tact_31012018.pdf,2018/02/formule_1_tact_31012018.pdf
1371,Triple action contre la sous-traitance hôtelière pour les trois mois de grève à l'Holiday Inn de Clichy (Lyon - Marseille - Genève),/triple-action-contre-la-sous-traitance-hoteliere-pour-les-trois-mois-de-greve-a-lholiday-inn-de-clichy-lyon-marseille-geneve/,holidayinn_lyon_18janv18,miroir,2018/01/holidayinn_lyon_18janv18.pdf,2018/01/holidayinn_lyon_18janv18.pdf
1371,Triple action contre la sous-traitance hôtelière pour les trois mois de grève à l'Holiday Inn de Clichy (Lyon - Marseille - Genève),/triple-action-contre-la-sous-traitance-hoteliere-pour-les-trois-mois-de-greve-a-lholiday-inn-de-clichy-lyon-marseille-geneve/,holidayinn_Marseille_20janv18,miroir,2018/01/tract_holidayinn_20janv18-2.pdf,2018/01/tract_holidayinn_20janv18-2.pdf
1372,"De Clichy à Marseille les ""invisibles"" de la sous-traitance hôtelière se font entendre ! Rassemblement samedi 20/01 à Marseille",/de-clichy-a-marseille-les-invisibles-de-la-sous-traitance-hoteliere-se-font-entendre-rassemblement-samedi-20-01-a-marseille/,tract_holidayinn_20janv18,miroir,2018/01/tract_holidayinn_20janv18.pdf,2018/01/tract_holidayinn_20janv18.pdf
1392,[Aix-Marseille] Semaine d’action contre la suppressions de contrats CUI dans l’Education du 13 au 17 novembre,/aix-marseille-semaine-daction-contre-la-suppressions-de-contrats-cui-dans-leducation-du-13-au-17-novembre/,pe_tition_aade,miroir,2017/11/pe_tition_aade_a_10.pdf,2017/11/pe_tition_aade_a_10.pdf
1392,[Aix-Marseille] Semaine d’action contre la suppressions de contrats CUI dans l’Education du 13 au 17 novembre,/aix-marseille-semaine-daction-contre-la-suppressions-de-contrats-cui-dans-leducation-du-13-au-17-novembre/,tract_cui_unitaire_2017,miroir,2017/11/tract_cui_unitaire_2017.pdf,2017/11/tract_cui_unitaire_2017.pdf
1392,[Aix-Marseille] Semaine d’action contre la suppressions de contrats CUI dans l’Education du 13 au 17 novembre,/aix-marseille-semaine-daction-contre-la-suppressions-de-contrats-cui-dans-leducation-du-13-au-17-novembre/,motion_aade_conseil_d_e_cole_unitaire,miroir,2017/11/motion_aade_conseil_d_e_cole_unitaire-1.odt,2017/11/motion_aade_conseil_d_e_cole_unitaire-1.odt
1392,[Aix-Marseille] Semaine d’action contre la suppressions de contrats CUI dans l’Education du 13 au 17 novembre,/aix-marseille-semaine-daction-contre-la-suppressions-de-contrats-cui-dans-leducation-du-13-au-17-novembre/,courrier_aux_parents,miroir,2017/11/courrier_aux_parents.odt,2017/11/courrier_aux_parents.odt
1399,La grève continue à l'Holiday Inn Paris porte de Clichy (Clichy -92) - Rassemblement de soutien jeudi 26/10,/la-greve-continue-a-lholiday-inn-paris-porte-de-clichy-clichy-92-rassemblement-de-soutien-jeudi-26-10/,tract_greve_hemera,miroir,2017/10/tract_greve_hemera_19102017-2.pdf,2017/10/tract_greve_hemera_19102017-2.pdf
1720,"LOI SUR L’ÉTAT D’URGENCE SANITAIRE : pendant la « guerre sanitaire », la guerre sociale continue !",/loi-sur-letat-durgence-sanitaire-pendant-la-guerre-sanitaire-la-guerre-sociale-continue/,cnt_so_loi_etat_urgence_sanitaire,exact,2020/03/cnt_so_loi_etat_urgence_sanitaire.pdf,2020/03/cnt_so_loi_etat_urgence_sanitaire.pdf | sites/2/2020/03/cnt_so_loi_etat_urgence_sanitaire.pdf
